# Blender 4.5.3 LTS
# www.blender.org
mtllib spiral_stairs.mtl
o spiral_stairs
v -82.354073 -0.089825 -42.911930
v -82.043381 -0.089825 -42.881329
v -81.744621 -0.089825 -42.790703
v -81.469292 -0.089825 -42.643536
v -81.227959 -0.089825 -42.445480
v -81.029907 -0.089825 -42.204147
v -80.882736 -0.089825 -41.928814
v -80.792107 -0.089825 -41.630062
v -80.761505 -0.089825 -41.319366
v -80.792107 -0.089825 -41.008671
v -80.882736 -0.089825 -40.709919
v -81.029907 -0.089825 -40.434586
v -81.227959 -0.089825 -40.193253
v -81.469292 -0.089825 -39.995197
v -81.744621 -0.089825 -39.848030
v -82.043381 -0.089825 -39.757404
v -82.354073 -0.089825 -39.726803
v -82.664764 -0.089825 -39.757404
v -82.963524 -0.089825 -39.848030
v -83.238853 -0.089825 -39.995197
v -83.480186 -0.089825 -40.193253
v -83.678238 -0.089825 -40.434586
v -83.825409 -0.089825 -40.709919
v -83.916039 -0.089825 -41.008671
v -83.946640 -0.089825 -41.319366
v -83.916039 -0.089825 -41.630062
v -83.825409 -0.089825 -41.928814
v -83.678238 -0.089825 -42.204147
v -83.480186 -0.089825 -42.445480
v -83.238853 -0.089825 -42.643536
v -82.963524 -0.089825 -42.790703
v -82.664764 -0.089825 -42.881329
v -82.354073 0.415469 -42.911930
v -82.354073 0.920763 -42.911930
v -82.354073 1.426056 -42.911930
v -82.354073 1.931350 -42.911930
v -82.354073 2.436644 -42.911930
v -82.354073 2.941937 -42.911930
v -82.354073 3.447230 -42.911930
v -82.354073 3.952524 -42.911930
v -82.354073 4.457817 -42.911930
v -82.354073 4.963110 -42.911930
v -82.354073 5.468404 -42.911930
v -82.354073 5.973697 -42.911930
v -82.043381 5.973696 -42.881329
v -82.043381 5.468403 -42.881329
v -82.043381 4.963109 -42.881329
v -82.043381 4.457816 -42.881329
v -82.043381 3.952522 -42.881329
v -82.043381 3.447229 -42.881329
v -82.043381 2.941935 -42.881329
v -82.043381 2.436642 -42.881329
v -82.043381 1.931349 -42.881329
v -82.043381 1.426055 -42.881329
v -82.043381 0.920762 -42.881329
v -82.043381 0.415469 -42.881329
v -81.744621 5.973696 -42.790703
v -81.744621 5.468403 -42.790703
v -81.744621 4.963109 -42.790703
v -81.744621 4.457816 -42.790703
v -81.744621 3.952522 -42.790703
v -81.744621 3.447229 -42.790703
v -81.744621 2.941935 -42.790703
v -81.744621 2.436642 -42.790703
v -81.744621 1.931349 -42.790703
v -81.744621 1.426055 -42.790703
v -81.744621 0.920762 -42.790703
v -81.744621 0.415469 -42.790703
v -81.469292 5.973696 -42.643536
v -81.469292 5.468403 -42.643536
v -81.469292 4.963109 -42.643536
v -81.469292 4.457816 -42.643536
v -81.469292 3.952522 -42.643536
v -81.469292 3.447229 -42.643536
v -81.469292 2.941935 -42.643536
v -81.469292 2.436642 -42.643536
v -81.469292 1.931349 -42.643536
v -81.469292 1.426055 -42.643536
v -81.469292 0.920762 -42.643536
v -81.469292 0.415469 -42.643536
v -81.227959 5.973696 -42.445480
v -81.227959 5.468403 -42.445480
v -81.227959 4.963109 -42.445480
v -81.227959 4.457816 -42.445480
v -81.227959 3.952522 -42.445480
v -81.227959 3.447229 -42.445480
v -81.227959 2.941935 -42.445480
v -81.227959 2.436642 -42.445480
v -81.227959 1.931349 -42.445480
v -81.227959 1.426055 -42.445480
v -81.227959 0.920762 -42.445480
v -81.227959 0.415469 -42.445480
v -81.029907 5.973696 -42.204147
v -81.029907 5.468403 -42.204147
v -81.029907 4.963109 -42.204147
v -81.029907 4.457816 -42.204147
v -81.029907 3.952522 -42.204147
v -81.029907 3.447229 -42.204147
v -81.029907 2.941935 -42.204147
v -81.029907 2.436642 -42.204147
v -81.029907 1.931349 -42.204147
v -81.029907 1.426055 -42.204147
v -81.029907 0.920762 -42.204147
v -81.029907 0.415469 -42.204147
v -80.882736 5.973696 -41.928814
v -80.882736 5.468403 -41.928814
v -80.882736 4.963109 -41.928814
v -80.882736 4.457816 -41.928814
v -80.882736 3.952522 -41.928814
v -80.882736 3.447229 -41.928814
v -80.882736 2.941935 -41.928814
v -80.882736 2.436642 -41.928814
v -80.882736 1.931349 -41.928814
v -80.882736 1.426055 -41.928814
v -80.882736 0.920762 -41.928814
v -80.882736 0.415469 -41.928814
v -80.792107 5.973696 -41.630062
v -80.792107 5.468403 -41.630062
v -80.792107 4.963109 -41.630062
v -80.792107 4.457816 -41.630062
v -80.792107 3.952522 -41.630062
v -80.792107 3.447229 -41.630062
v -80.792107 2.941935 -41.630062
v -80.792107 2.436642 -41.630062
v -80.792107 1.931349 -41.630062
v -80.792107 1.426055 -41.630062
v -80.792107 0.920762 -41.630062
v -80.792107 0.415469 -41.630062
v -80.761505 5.973696 -41.319366
v -80.761505 5.468403 -41.319366
v -80.761505 4.963109 -41.319366
v -80.761505 4.457816 -41.319366
v -80.761505 3.952522 -41.319366
v -80.761505 3.447229 -41.319366
v -80.761505 2.941935 -41.319366
v -80.761505 2.436642 -41.319366
v -80.761505 1.931349 -41.319366
v -80.761505 1.426055 -41.319366
v -80.761505 0.920762 -41.319366
v -80.761505 0.415469 -41.319366
v -80.792107 5.973696 -41.008671
v -80.792107 5.468403 -41.008671
v -80.792107 4.963109 -41.008671
v -80.792107 4.457816 -41.008671
v -80.792107 3.952522 -41.008671
v -80.792107 3.447229 -41.008671
v -80.792107 2.941935 -41.008671
v -80.792107 2.436642 -41.008671
v -80.792107 1.931349 -41.008671
v -80.792107 1.426055 -41.008671
v -80.792107 0.920762 -41.008671
v -80.792107 0.415469 -41.008671
v -80.882736 5.973696 -40.709919
v -80.882736 5.468403 -40.709919
v -80.882736 4.963109 -40.709919
v -80.882736 4.457816 -40.709919
v -80.882736 3.952522 -40.709919
v -80.882736 3.447229 -40.709919
v -80.882736 2.941935 -40.709919
v -80.882736 2.436642 -40.709919
v -80.882736 1.931349 -40.709919
v -80.882736 1.426055 -40.709919
v -80.882736 0.920762 -40.709919
v -80.882736 0.415469 -40.709919
v -81.029907 5.973696 -40.434586
v -81.029907 5.468403 -40.434586
v -81.029907 4.963109 -40.434586
v -81.029907 4.457816 -40.434586
v -81.029907 3.952522 -40.434586
v -81.029907 3.447229 -40.434586
v -81.029907 2.941935 -40.434586
v -81.029907 2.436642 -40.434586
v -81.029907 1.931349 -40.434586
v -81.029907 1.426055 -40.434586
v -81.029907 0.920762 -40.434586
v -81.029907 0.415469 -40.434586
v -81.227959 5.973696 -40.193253
v -81.227959 5.468403 -40.193253
v -81.227959 4.963109 -40.193253
v -81.227959 4.457816 -40.193253
v -81.227959 3.952522 -40.193253
v -81.227959 3.447229 -40.193253
v -81.227959 2.941935 -40.193253
v -81.227959 2.436642 -40.193253
v -81.227959 1.931349 -40.193253
v -81.227959 1.426055 -40.193253
v -81.227959 0.920762 -40.193253
v -81.227959 0.415469 -40.193253
v -81.469292 5.973696 -39.995197
v -81.469292 5.468403 -39.995197
v -81.469292 4.963109 -39.995197
v -81.469292 4.457816 -39.995197
v -81.469292 3.952522 -39.995197
v -81.469292 3.447229 -39.995197
v -81.469292 2.941935 -39.995197
v -81.469292 2.436642 -39.995197
v -81.469292 1.931349 -39.995197
v -81.469292 1.426055 -39.995197
v -81.469292 0.920762 -39.995197
v -81.469292 0.415469 -39.995197
v -81.744621 5.973696 -39.848030
v -81.744621 5.468403 -39.848030
v -81.744621 4.963109 -39.848030
v -81.744621 4.457816 -39.848030
v -81.744621 3.952522 -39.848030
v -81.744621 3.447229 -39.848030
v -81.744621 2.941935 -39.848030
v -81.744621 2.436642 -39.848030
v -81.744621 1.931349 -39.848030
v -81.744621 1.426055 -39.848030
v -81.744621 0.920762 -39.848030
v -81.744621 0.415469 -39.848030
v -82.043381 5.973696 -39.757404
v -82.043381 5.468403 -39.757404
v -82.043381 4.963109 -39.757404
v -82.043381 4.457816 -39.757404
v -82.043381 3.952522 -39.757404
v -82.043381 3.447229 -39.757404
v -82.043381 2.941935 -39.757404
v -82.043381 2.436642 -39.757404
v -82.043381 1.931349 -39.757404
v -82.043381 1.426055 -39.757404
v -82.043381 0.920762 -39.757404
v -82.043381 0.415469 -39.757404
v -82.354073 5.973696 -39.726803
v -82.354073 5.468403 -39.726803
v -82.354073 4.963109 -39.726803
v -82.354073 4.457816 -39.726803
v -82.354073 3.952522 -39.726803
v -82.354073 3.447229 -39.726803
v -82.354073 2.941935 -39.726803
v -82.354073 2.436642 -39.726803
v -82.354073 1.931349 -39.726803
v -82.354073 1.426055 -39.726803
v -82.354073 0.920762 -39.726803
v -82.354073 0.415469 -39.726803
v -82.664764 5.973696 -39.757404
v -82.664764 5.468403 -39.757404
v -82.664764 4.963109 -39.757404
v -82.664764 4.457816 -39.757404
v -82.664764 3.952522 -39.757404
v -82.664764 3.447229 -39.757404
v -82.664764 2.941935 -39.757404
v -82.664764 2.436642 -39.757404
v -82.664764 1.931349 -39.757404
v -82.664764 1.426055 -39.757404
v -82.664764 0.920762 -39.757404
v -82.664764 0.415469 -39.757404
v -82.963524 5.973696 -39.848030
v -82.963524 5.468403 -39.848030
v -82.963524 4.963109 -39.848030
v -82.963524 4.457816 -39.848030
v -82.963524 3.952522 -39.848030
v -82.963524 3.447229 -39.848030
v -82.963524 2.941935 -39.848030
v -82.963524 2.436642 -39.848030
v -82.963524 1.931349 -39.848030
v -82.963524 1.426055 -39.848030
v -82.963524 0.920762 -39.848030
v -82.963524 0.415469 -39.848030
v -83.238853 5.973696 -39.995197
v -83.238853 5.468403 -39.995197
v -83.238853 4.963109 -39.995197
v -83.238853 4.457816 -39.995197
v -83.238853 3.952522 -39.995197
v -83.238853 3.447229 -39.995197
v -83.238853 2.941935 -39.995197
v -83.238853 2.436642 -39.995197
v -83.238853 1.931349 -39.995197
v -83.238853 1.426055 -39.995197
v -83.238853 0.920762 -39.995197
v -83.238853 0.415469 -39.995197
v -83.480186 5.973696 -40.193253
v -83.480186 5.468403 -40.193253
v -83.480186 4.963109 -40.193253
v -83.480186 4.457816 -40.193253
v -83.480186 3.952522 -40.193253
v -83.480186 3.447229 -40.193253
v -83.480186 2.941935 -40.193253
v -83.480186 2.436642 -40.193253
v -83.480186 1.931349 -40.193253
v -83.480186 1.426055 -40.193253
v -83.480186 0.920762 -40.193253
v -83.480186 0.415469 -40.193253
v -83.678238 5.973696 -40.434586
v -83.678238 5.468403 -40.434586
v -83.678238 4.963109 -40.434586
v -83.678238 4.457816 -40.434586
v -83.678238 3.952522 -40.434586
v -83.678238 3.447229 -40.434586
v -83.678238 2.941935 -40.434586
v -83.678238 2.436642 -40.434586
v -83.678238 1.931349 -40.434586
v -83.678238 1.426055 -40.434586
v -83.678238 0.920762 -40.434586
v -83.678238 0.415469 -40.434586
v -83.825409 5.973696 -40.709919
v -83.825409 5.468403 -40.709919
v -83.825409 4.963109 -40.709919
v -83.825409 4.457816 -40.709919
v -83.825409 3.952522 -40.709919
v -83.825409 3.447229 -40.709919
v -83.825409 2.941935 -40.709919
v -83.825409 2.436642 -40.709919
v -83.825409 1.931349 -40.709919
v -83.825409 1.426055 -40.709919
v -83.825409 0.920762 -40.709919
v -83.825409 0.415469 -40.709919
v -83.916039 5.973696 -41.008671
v -83.916039 5.468403 -41.008671
v -83.916039 4.963109 -41.008671
v -83.916039 4.457816 -41.008671
v -83.916039 3.952522 -41.008671
v -83.916039 3.447229 -41.008671
v -83.916039 2.941935 -41.008671
v -83.916039 2.436642 -41.008671
v -83.916039 1.931349 -41.008671
v -83.916039 1.426055 -41.008671
v -83.916039 0.920762 -41.008671
v -83.916039 0.415469 -41.008671
v -83.946640 5.973696 -41.319366
v -83.946640 5.468403 -41.319366
v -83.946640 4.963109 -41.319366
v -83.946640 4.457816 -41.319366
v -83.946640 3.952522 -41.319366
v -83.946640 3.447229 -41.319366
v -83.946640 2.941935 -41.319366
v -83.946640 2.436642 -41.319366
v -83.946640 1.931349 -41.319366
v -83.946640 1.426055 -41.319366
v -83.946640 0.920762 -41.319366
v -83.946640 0.415469 -41.319366
v -83.916039 5.973696 -41.630062
v -83.916039 5.468403 -41.630062
v -83.916039 4.963109 -41.630062
v -83.916039 4.457816 -41.630062
v -83.916039 3.952522 -41.630062
v -83.916039 3.447229 -41.630062
v -83.916039 2.941935 -41.630062
v -83.916039 2.436642 -41.630062
v -83.916039 1.931349 -41.630062
v -83.916039 1.426055 -41.630062
v -83.916039 0.920762 -41.630062
v -83.916039 0.415469 -41.630062
v -83.825409 5.973696 -41.928814
v -83.825409 5.468403 -41.928814
v -83.825409 4.963109 -41.928814
v -83.825409 4.457816 -41.928814
v -83.825409 3.952522 -41.928814
v -83.825409 3.447229 -41.928814
v -83.825409 2.941935 -41.928814
v -83.825409 2.436642 -41.928814
v -83.825409 1.931349 -41.928814
v -83.825409 1.426055 -41.928814
v -83.825409 0.920762 -41.928814
v -83.825409 0.415469 -41.928814
v -83.678238 5.973696 -42.204147
v -83.678238 5.468403 -42.204147
v -83.678238 4.963109 -42.204147
v -83.678238 4.457816 -42.204147
v -83.678238 3.952522 -42.204147
v -83.678238 3.447229 -42.204147
v -83.678238 2.941935 -42.204147
v -83.678238 2.436642 -42.204147
v -83.678238 1.931349 -42.204147
v -83.678238 1.426055 -42.204147
v -83.678238 0.920762 -42.204147
v -83.678238 0.415469 -42.204147
v -83.480186 5.973696 -42.445480
v -83.480186 5.468403 -42.445480
v -83.480186 4.963109 -42.445480
v -83.480186 4.457816 -42.445480
v -83.480186 3.952522 -42.445480
v -83.480186 3.447229 -42.445480
v -83.480186 2.941935 -42.445480
v -83.480186 2.436642 -42.445480
v -83.480186 1.931349 -42.445480
v -83.480186 1.426055 -42.445480
v -83.480186 0.920762 -42.445480
v -83.480186 0.415469 -42.445480
v -83.238853 5.973696 -42.643536
v -83.238853 5.468403 -42.643536
v -83.238853 4.963109 -42.643536
v -83.238853 4.457816 -42.643536
v -83.238853 3.952522 -42.643536
v -83.238853 3.447229 -42.643536
v -83.238853 2.941935 -42.643536
v -83.238853 2.436642 -42.643536
v -83.238853 1.931349 -42.643536
v -83.238853 1.426055 -42.643536
v -83.238853 0.920762 -42.643536
v -83.238853 0.415469 -42.643536
v -82.963524 5.973696 -42.790703
v -82.963524 5.468403 -42.790703
v -82.963524 4.963109 -42.790703
v -82.963524 4.457816 -42.790703
v -82.963524 3.952522 -42.790703
v -82.963524 3.447229 -42.790703
v -82.963524 2.941935 -42.790703
v -82.963524 2.436642 -42.790703
v -82.963524 1.931349 -42.790703
v -82.963524 1.426055 -42.790703
v -82.963524 0.920762 -42.790703
v -82.963524 0.415469 -42.790703
v -82.664764 5.973696 -42.881329
v -82.664764 5.468403 -42.881329
v -82.664764 4.963109 -42.881329
v -82.664764 4.457816 -42.881329
v -82.664764 3.952522 -42.881329
v -82.664764 3.447229 -42.881329
v -82.664764 2.941935 -42.881329
v -82.664764 2.436642 -42.881329
v -82.664764 1.931349 -42.881329
v -82.664764 1.426055 -42.881329
v -82.664764 0.920762 -42.881329
v -82.664764 0.415469 -42.881329
v -79.478752 0.415469 -41.928814
v -79.478752 -0.089825 -41.928814
v -79.388130 -0.089825 -41.630062
v -79.388130 0.415469 -41.630062
v -79.357529 -0.089825 -41.319366
v -79.357529 0.415469 -41.319366
v -79.388130 -0.089825 -41.008671
v -79.388130 0.415469 -41.008671
v -79.478752 -0.089825 -40.709919
v -79.478752 0.415469 -40.709919
v -80.395889 0.920762 -43.360760
v -80.395889 0.415469 -43.360760
v -80.154556 0.920762 -43.162704
v -80.154556 0.415469 -43.162704
v -79.956505 0.920762 -42.921371
v -79.956505 0.415469 -42.921371
v -79.809334 0.920762 -42.646038
v -79.809334 0.415469 -42.646038
v -79.718704 0.920762 -42.347282
v -79.718704 0.415469 -42.347282
v -81.838943 0.920763 -44.155567
v -81.838943 1.426056 -44.155567
v -81.528252 1.426055 -44.124966
v -81.528252 0.920762 -44.124966
v -81.229492 1.426055 -44.034340
v -81.229492 0.920762 -44.034340
v -80.954163 1.426055 -43.887169
v -80.954163 0.920762 -43.887169
v -80.712830 1.426055 -43.689114
v -80.712830 0.920762 -43.689114
v -82.624245 1.426056 -44.270176
v -82.624245 1.931350 -44.270176
v -82.313553 1.931349 -44.239574
v -82.313553 1.426055 -44.239574
v -83.509026 1.931349 -44.001781
v -83.509026 1.426055 -44.001781
v -83.233696 1.931349 -44.148949
v -83.233696 1.426055 -44.148949
v -82.934937 1.931349 -44.239574
v -82.934937 1.426055 -44.239574
v -84.776482 2.436642 -42.879887
v -84.776482 1.931349 -42.879887
v -84.629318 2.436642 -43.155220
v -84.629318 1.931349 -43.155220
v -84.431259 2.436642 -43.396553
v -84.431259 1.931349 -43.396553
v -84.189926 2.436642 -43.594608
v -84.189926 1.931349 -43.594608
v -83.914597 2.436642 -43.741779
v -83.914597 1.931349 -43.741779
v -85.427025 2.941935 -41.309227
v -85.427025 2.436642 -41.309227
v -85.457626 2.941935 -41.619919
v -85.457626 2.436642 -41.619919
v -85.427025 2.941935 -41.930614
v -85.427025 2.436642 -41.930614
v -85.336395 2.941935 -42.229370
v -85.336395 2.436642 -42.229370
v -85.189232 2.941935 -42.504704
v -85.189232 2.436642 -42.504704
v -84.907646 3.447229 -39.601978
v -84.907646 2.941935 -39.601978
v -85.105705 3.447229 -39.843311
v -85.105705 2.941935 -39.843311
v -85.252869 3.447229 -40.118645
v -85.252869 2.941935 -40.118645
v -85.343498 3.447229 -40.417400
v -85.343498 2.941935 -40.417400
v -85.374100 3.447229 -40.728092
v -85.374100 2.941935 -40.728092
v -83.586143 3.952522 -38.378468
v -83.586143 3.447229 -38.378468
v -83.884895 3.952522 -38.469093
v -83.884895 3.447229 -38.469093
v -84.160225 3.952522 -38.616264
v -84.160225 3.447229 -38.616264
v -84.401558 3.952522 -38.814320
v -84.401558 3.447229 -38.814320
v -84.599617 3.952522 -39.055653
v -84.599617 3.447229 -39.055653
v -81.744621 4.457816 -38.281410
v -81.744621 3.952522 -38.281410
v -82.043381 4.457816 -38.190784
v -82.043381 3.952522 -38.190784
v -82.354073 4.457816 -38.160183
v -82.354073 3.952522 -38.160183
v -82.664764 4.457816 -38.190784
v -82.664764 3.952522 -38.190784
v -82.963524 4.457816 -38.281410
v -82.963524 3.952522 -38.281410
v -80.195221 4.963109 -39.185398
v -80.195221 4.457816 -39.185398
v -80.393280 4.963109 -38.944065
v -80.393280 4.457816 -38.944065
v -80.634613 4.963109 -38.746010
v -80.634613 4.457816 -38.746010
v -80.909943 4.963109 -38.598843
v -80.909943 4.457816 -38.598843
v -81.208702 4.963109 -38.508217
v -81.208702 4.457816 -38.508217
v -79.439606 5.468403 -40.771816
v -79.439606 4.963109 -40.771816
v -79.470207 5.468403 -40.461124
v -79.470207 4.963109 -40.461124
v -79.560829 5.468403 -40.162369
v -79.560829 4.963109 -40.162369
v -79.708000 5.468403 -39.887035
v -79.708000 4.963109 -39.887035
v -79.906059 5.468403 -39.645702
v -79.906059 4.963109 -39.645702
v -79.711426 5.973696 -42.466412
v -79.711426 5.468403 -42.466412
v -79.564255 5.973696 -42.191078
v -79.564255 5.468403 -42.191078
v -79.473625 5.973696 -41.892323
v -79.473625 5.468403 -41.892323
v -79.443031 5.973696 -41.581627
v -79.443031 5.468403 -41.581627
v -79.473625 5.973696 -41.270935
v -79.473625 5.468403 -41.270935
v -93.481224 0.000000 -28.488018
v -71.442780 0.000000 -28.488018
v -93.481224 0.000000 -50.526466
v -71.442780 0.000000 -50.526466
v -82.371353 6.155654 -34.836876
v -79.918365 -2.468451 -34.836876
v -82.371353 6.155654 -28.420155
v -79.918365 -2.468451 -28.420155
v -79.918365 4.300481 -34.836876
v -79.918365 4.300481 -28.420155
v -82.300217 6.155654 -34.836876
v -84.753204 -2.468451 -34.836876
v -82.300217 6.155654 -28.420155
v -84.753204 -2.468451 -28.420155
v -84.753204 4.300481 -34.836876
v -84.753204 4.300481 -28.420155
v -84.602875 -0.002895 -28.300825
v -84.602875 4.053427 -28.300825
v -84.602875 -0.002895 -28.847851
v -84.602875 4.053427 -28.847851
v -82.599442 -0.002895 -28.300825
v -82.599442 5.442760 -28.300825
v -82.599442 -0.002895 -28.847851
v -82.599442 5.442760 -28.847851
v -84.880737 0.002834 -28.300825
v -84.880737 4.482465 -28.300825
v -84.880737 4.482465 -28.847851
v -84.880737 0.002834 -28.847851
v -82.321579 0.002834 -28.847851
v -82.321579 6.257177 -28.847851
v -82.321579 6.257177 -28.300825
v -82.321579 0.002834 -28.300825
v -84.602875 4.053427 -28.314751
v -82.599442 5.442760 -28.314751
v -82.599442 -0.002895 -28.314751
v -84.602875 -0.002895 -28.314751
v -82.321579 5.411151 -28.300825
v -82.321579 5.426170 -28.847851
v -82.321678 5.415151 -28.847851
v -82.321678 5.415151 -28.314751
v -84.880737 0.089141 -28.847851
v -84.880737 0.089141 -28.300825
v -82.321579 0.089141 -28.847851
v -82.321579 0.089141 -28.300825
v -80.068695 -0.002895 -28.300825
v -80.068695 4.053427 -28.300825
v -80.068695 -0.002895 -28.847851
v -80.068695 4.053427 -28.847851
v -82.072128 -0.002895 -28.300825
v -82.072128 5.442760 -28.300825
v -82.072128 -0.002895 -28.847851
v -82.072128 5.442760 -28.847851
v -79.790840 0.002834 -28.300825
v -79.790840 4.482465 -28.300825
v -79.790840 4.482465 -28.847851
v -79.790840 0.002834 -28.847851
v -82.349991 0.002834 -28.847851
v -82.349991 6.257177 -28.847851
v -82.349991 6.257177 -28.300825
v -82.349991 0.002834 -28.300825
v -80.068695 4.053427 -28.314751
v -82.072128 5.442760 -28.314751
v -82.072128 -0.002895 -28.314751
v -80.068695 -0.002895 -28.314751
v -82.349991 5.411151 -28.300825
v -82.349991 5.426170 -28.847851
v -82.349899 5.415151 -28.847851
v -82.349899 5.415151 -28.314751
v -79.790840 0.089141 -28.847851
v -79.790840 0.089141 -28.300825
v -82.349991 0.089141 -28.847851
v -82.349991 0.089141 -28.300825
v -84.602875 -0.002895 -38.055157
v -84.602875 4.053427 -38.055157
v -84.602875 -0.002895 -34.206707
v -84.602875 4.053427 -34.206707
v -82.599442 -0.002895 -38.055157
v -82.599442 5.442760 -38.055157
v -82.599442 -0.002895 -34.206707
v -82.599442 5.442760 -34.206707
v -84.880737 0.002834 -38.055157
v -84.880737 4.482465 -38.055157
v -84.880737 4.482465 -34.206707
v -84.880737 0.002834 -34.206707
v -82.321579 0.002834 -34.206707
v -82.321579 6.257177 -34.206707
v -82.321579 6.257177 -38.055157
v -82.321579 0.002834 -38.055157
v -84.602875 4.053427 -37.957180
v -82.599442 5.442760 -37.957180
v -82.599442 -0.002895 -37.957180
v -84.602875 -0.002895 -37.957180
v -82.321579 5.411151 -38.055157
v -82.321579 5.426170 -34.206707
v -82.321678 5.415151 -34.206707
v -82.321678 5.415151 -37.957180
v -84.880737 0.089141 -34.206707
v -84.880737 0.089141 -38.055157
v -82.321579 0.089141 -34.206707
v -82.321579 0.089141 -38.055157
v -80.068695 -0.002895 -38.055157
v -80.068695 4.053427 -38.055157
v -80.068695 -0.002895 -34.206707
v -80.068695 4.053427 -34.206707
v -82.072128 -0.002895 -38.055157
v -82.072128 5.442760 -38.055157
v -82.072128 -0.002895 -34.206707
v -82.072128 5.442760 -34.206707
v -79.790840 0.002834 -38.055157
v -79.790840 4.482465 -38.055157
v -79.790840 4.482465 -34.206707
v -79.790840 0.002834 -34.206707
v -82.349991 0.002834 -34.206707
v -82.349991 6.257177 -34.206707
v -82.349991 6.257177 -38.055157
v -82.349991 0.002834 -38.055157
v -80.068695 4.053427 -37.957180
v -82.072128 5.442760 -37.957180
v -82.072128 -0.002895 -37.957180
v -80.068695 -0.002895 -37.957180
v -82.349991 5.411151 -38.055157
v -82.349991 5.426170 -34.206707
v -82.349899 5.415151 -34.206707
v -82.349899 5.415151 -37.957180
v -79.790840 0.089141 -34.206707
v -79.790840 0.089141 -38.055157
v -82.349991 0.089141 -34.206707
v -82.349991 0.089141 -38.055157
v -84.880737 0.002834 -36.628834
v -84.880737 4.482465 -36.628834
v -82.321579 6.257177 -36.628834
v -84.602875 -0.002895 -36.628834
v -84.602875 4.053427 -36.628834
v -82.599442 5.442760 -36.628834
v -82.321579 5.411151 -36.628834
v -79.790840 0.002834 -36.628834
v -79.790840 4.482465 -36.628834
v -82.349991 6.257177 -36.628834
v -80.068695 -0.002895 -36.628834
v -80.068695 4.053427 -36.628834
v -82.072128 5.442760 -36.628834
v -82.349991 5.411151 -36.628834
v -84.880737 0.002834 -38.115234
v -84.880737 4.482465 -38.115234
v -82.321579 6.257177 -38.115234
v -84.602875 -0.002895 -38.115234
v -84.602875 4.053427 -38.115234
v -82.599442 5.442760 -38.115234
v -82.321579 5.411151 -38.115234
v -79.790840 0.002834 -38.115234
v -79.790840 4.482465 -38.115234
v -82.349991 6.257177 -38.115234
v -80.068695 -0.002895 -38.115234
v -80.068695 4.053427 -38.115234
v -82.072128 5.442760 -38.115234
v -82.349991 5.411151 -38.115234
v -83.480217 5.978020 -42.445515
v -83.238884 5.978020 -42.643570
v -82.963554 5.978020 -42.790737
v -82.664795 5.978020 -42.881363
v -82.354103 5.978020 -42.911964
v -82.043411 5.978020 -42.881363
v -81.744652 5.978020 -42.790737
v -81.469322 5.978020 -42.643570
v -81.227989 5.978020 -42.445515
v -81.029930 5.978020 -42.204182
v -80.882767 5.978020 -41.928848
v -80.792137 5.978020 -41.630093
v -80.761536 5.978020 -41.319401
v -80.792137 5.978020 -41.008705
v -80.882767 5.978020 -40.709953
v -81.029930 5.978020 -40.434620
v -81.227989 5.978020 -40.193287
v -81.469322 5.978020 -39.995232
v -81.744652 5.978020 -39.848061
v -82.043411 5.978020 -39.757435
v -82.354103 5.978020 -39.726833
v -82.664795 5.978020 -39.757435
v -82.963554 5.978020 -39.848061
v -83.238884 5.978020 -39.995232
v -83.480217 5.978020 -40.193287
v -83.678268 5.978020 -40.434620
v -83.825439 5.978020 -40.709953
v -83.916069 5.978020 -41.008705
v -83.946671 5.978020 -41.319401
v -83.916069 5.978020 -41.630093
v -83.825439 5.978020 -41.928848
v -83.678268 5.978020 -42.204182
v -83.480217 6.483313 -42.445515
v -83.480217 6.988606 -42.445515
v -83.480217 7.493900 -42.445515
v -83.480217 7.999194 -42.445515
v -83.480217 8.504488 -42.445515
v -83.480217 9.009781 -42.445515
v -83.480217 9.515074 -42.445515
v -83.480217 10.020368 -42.445515
v -83.480217 10.525661 -42.445515
v -83.480217 11.030954 -42.445515
v -83.480217 11.536247 -42.445515
v -83.480217 12.041541 -42.445515
v -83.238884 12.041540 -42.643570
v -83.238884 11.536247 -42.643570
v -83.238884 11.030953 -42.643570
v -83.238884 10.525661 -42.643570
v -83.238884 10.020367 -42.643570
v -83.238884 9.515073 -42.643570
v -83.238884 9.009779 -42.643570
v -83.238884 8.504486 -42.643570
v -83.238884 7.999193 -42.643570
v -83.238884 7.493899 -42.643570
v -83.238884 6.988606 -42.643570
v -83.238884 6.483313 -42.643570
v -82.963554 12.041540 -42.790737
v -82.963554 11.536247 -42.790737
v -82.963554 11.030953 -42.790737
v -82.963554 10.525661 -42.790737
v -82.963554 10.020367 -42.790737
v -82.963554 9.515073 -42.790737
v -82.963554 9.009779 -42.790737
v -82.963554 8.504486 -42.790737
v -82.963554 7.999193 -42.790737
v -82.963554 7.493899 -42.790737
v -82.963554 6.988606 -42.790737
v -82.963554 6.483313 -42.790737
v -82.664795 12.041540 -42.881363
v -82.664795 11.536247 -42.881363
v -82.664795 11.030953 -42.881363
v -82.664795 10.525661 -42.881363
v -82.664795 10.020367 -42.881363
v -82.664795 9.515073 -42.881363
v -82.664795 9.009779 -42.881363
v -82.664795 8.504486 -42.881363
v -82.664795 7.999193 -42.881363
v -82.664795 7.493899 -42.881363
v -82.664795 6.988606 -42.881363
v -82.664795 6.483313 -42.881363
v -82.354103 12.041540 -42.911964
v -82.354103 11.536247 -42.911964
v -82.354103 11.030953 -42.911964
v -82.354103 10.525661 -42.911964
v -82.354103 10.020367 -42.911964
v -82.354103 9.515073 -42.911964
v -82.354103 9.009779 -42.911964
v -82.354103 8.504486 -42.911964
v -82.354103 7.999193 -42.911964
v -82.354103 7.493899 -42.911964
v -82.354103 6.988606 -42.911964
v -82.354103 6.483313 -42.911964
v -82.043411 12.041540 -42.881363
v -82.043411 11.536247 -42.881363
v -82.043411 11.030953 -42.881363
v -82.043411 10.525661 -42.881363
v -82.043411 10.020367 -42.881363
v -82.043411 9.515073 -42.881363
v -82.043411 9.009779 -42.881363
v -82.043411 8.504486 -42.881363
v -82.043411 7.999193 -42.881363
v -82.043411 7.493899 -42.881363
v -82.043411 6.988606 -42.881363
v -82.043411 6.483313 -42.881363
v -81.744652 12.041540 -42.790737
v -81.744652 11.536247 -42.790737
v -81.744652 11.030953 -42.790737
v -81.744652 10.525661 -42.790737
v -81.744652 10.020367 -42.790737
v -81.744652 9.515073 -42.790737
v -81.744652 9.009779 -42.790737
v -81.744652 8.504486 -42.790737
v -81.744652 7.999193 -42.790737
v -81.744652 7.493899 -42.790737
v -81.744652 6.988606 -42.790737
v -81.744652 6.483313 -42.790737
v -81.469322 12.041540 -42.643570
v -81.469322 11.536247 -42.643570
v -81.469322 11.030953 -42.643570
v -81.469322 10.525661 -42.643570
v -81.469322 10.020367 -42.643570
v -81.469322 9.515073 -42.643570
v -81.469322 9.009779 -42.643570
v -81.469322 8.504486 -42.643570
v -81.469322 7.999193 -42.643570
v -81.469322 7.493899 -42.643570
v -81.469322 6.988606 -42.643570
v -81.469322 6.483313 -42.643570
v -81.227989 12.041540 -42.445515
v -81.227989 11.536247 -42.445515
v -81.227989 11.030953 -42.445515
v -81.227989 10.525661 -42.445515
v -81.227989 10.020367 -42.445515
v -81.227989 9.515073 -42.445515
v -81.227989 9.009779 -42.445515
v -81.227989 8.504486 -42.445515
v -81.227989 7.999193 -42.445515
v -81.227989 7.493899 -42.445515
v -81.227989 6.988606 -42.445515
v -81.227989 6.483313 -42.445515
v -81.029930 12.041540 -42.204182
v -81.029930 11.536247 -42.204182
v -81.029930 11.030953 -42.204182
v -81.029930 10.525661 -42.204182
v -81.029930 10.020367 -42.204182
v -81.029930 9.515073 -42.204182
v -81.029930 9.009779 -42.204182
v -81.029930 8.504486 -42.204182
v -81.029930 7.999193 -42.204182
v -81.029930 7.493899 -42.204182
v -81.029930 6.988606 -42.204182
v -81.029930 6.483313 -42.204182
v -80.882767 12.041540 -41.928848
v -80.882767 11.536247 -41.928848
v -80.882767 11.030953 -41.928848
v -80.882767 10.525661 -41.928848
v -80.882767 10.020367 -41.928848
v -80.882767 9.515073 -41.928848
v -80.882767 9.009779 -41.928848
v -80.882767 8.504486 -41.928848
v -80.882767 7.999193 -41.928848
v -80.882767 7.493899 -41.928848
v -80.882767 6.988606 -41.928848
v -80.882767 6.483313 -41.928848
v -80.792137 12.041540 -41.630093
v -80.792137 11.536247 -41.630093
v -80.792137 11.030953 -41.630093
v -80.792137 10.525661 -41.630093
v -80.792137 10.020367 -41.630093
v -80.792137 9.515073 -41.630093
v -80.792137 9.009779 -41.630093
v -80.792137 8.504486 -41.630093
v -80.792137 7.999193 -41.630093
v -80.792137 7.493899 -41.630093
v -80.792137 6.988606 -41.630093
v -80.792137 6.483313 -41.630093
v -80.761536 12.041540 -41.319401
v -80.761536 11.536247 -41.319401
v -80.761536 11.030953 -41.319401
v -80.761536 10.525661 -41.319401
v -80.761536 10.020367 -41.319401
v -80.761536 9.515073 -41.319401
v -80.761536 9.009779 -41.319401
v -80.761536 8.504486 -41.319401
v -80.761536 7.999193 -41.319401
v -80.761536 7.493899 -41.319401
v -80.761536 6.988606 -41.319401
v -80.761536 6.483313 -41.319401
v -80.792137 12.041540 -41.008705
v -80.792137 11.536247 -41.008705
v -80.792137 11.030953 -41.008705
v -80.792137 10.525661 -41.008705
v -80.792137 10.020367 -41.008705
v -80.792137 9.515073 -41.008705
v -80.792137 9.009779 -41.008705
v -80.792137 8.504486 -41.008705
v -80.792137 7.999193 -41.008705
v -80.792137 7.493899 -41.008705
v -80.792137 6.988606 -41.008705
v -80.792137 6.483313 -41.008705
v -80.882767 12.041540 -40.709953
v -80.882767 11.536247 -40.709953
v -80.882767 11.030953 -40.709953
v -80.882767 10.525661 -40.709953
v -80.882767 10.020367 -40.709953
v -80.882767 9.515073 -40.709953
v -80.882767 9.009779 -40.709953
v -80.882767 8.504486 -40.709953
v -80.882767 7.999193 -40.709953
v -80.882767 7.493899 -40.709953
v -80.882767 6.988606 -40.709953
v -80.882767 6.483313 -40.709953
v -81.029930 12.041540 -40.434620
v -81.029930 11.536247 -40.434620
v -81.029930 11.030953 -40.434620
v -81.029930 10.525661 -40.434620
v -81.029930 10.020367 -40.434620
v -81.029930 9.515073 -40.434620
v -81.029930 9.009779 -40.434620
v -81.029930 8.504486 -40.434620
v -81.029930 7.999193 -40.434620
v -81.029930 7.493899 -40.434620
v -81.029930 6.988606 -40.434620
v -81.029930 6.483313 -40.434620
v -81.227989 12.041540 -40.193287
v -81.227989 11.536247 -40.193287
v -81.227989 11.030953 -40.193287
v -81.227989 10.525661 -40.193287
v -81.227989 10.020367 -40.193287
v -81.227989 9.515073 -40.193287
v -81.227989 9.009779 -40.193287
v -81.227989 8.504486 -40.193287
v -81.227989 7.999193 -40.193287
v -81.227989 7.493899 -40.193287
v -81.227989 6.988606 -40.193287
v -81.227989 6.483313 -40.193287
v -81.469322 12.041540 -39.995232
v -81.469322 11.536247 -39.995232
v -81.469322 11.030953 -39.995232
v -81.469322 10.525661 -39.995232
v -81.469322 10.020367 -39.995232
v -81.469322 9.515073 -39.995232
v -81.469322 9.009779 -39.995232
v -81.469322 8.504486 -39.995232
v -81.469322 7.999193 -39.995232
v -81.469322 7.493899 -39.995232
v -81.469322 6.988606 -39.995232
v -81.469322 6.483313 -39.995232
v -81.744652 12.041540 -39.848061
v -81.744652 11.536247 -39.848061
v -81.744652 11.030953 -39.848061
v -81.744652 10.525661 -39.848061
v -81.744652 10.020367 -39.848061
v -81.744652 9.515073 -39.848061
v -81.744652 9.009779 -39.848061
v -81.744652 8.504486 -39.848061
v -81.744652 7.999193 -39.848061
v -81.744652 7.493899 -39.848061
v -81.744652 6.988606 -39.848061
v -81.744652 6.483313 -39.848061
v -82.043411 12.041540 -39.757435
v -82.043411 11.536247 -39.757435
v -82.043411 11.030953 -39.757435
v -82.043411 10.525661 -39.757435
v -82.043411 10.020367 -39.757435
v -82.043411 9.515073 -39.757435
v -82.043411 9.009779 -39.757435
v -82.043411 8.504486 -39.757435
v -82.043411 7.999193 -39.757435
v -82.043411 7.493899 -39.757435
v -82.043411 6.988606 -39.757435
v -82.043411 6.483313 -39.757435
v -82.354103 12.041540 -39.726833
v -82.354103 11.536247 -39.726833
v -82.354103 11.030953 -39.726833
v -82.354103 10.525661 -39.726833
v -82.354103 10.020367 -39.726833
v -82.354103 9.515073 -39.726833
v -82.354103 9.009779 -39.726833
v -82.354103 8.504486 -39.726833
v -82.354103 7.999193 -39.726833
v -82.354103 7.493899 -39.726833
v -82.354103 6.988606 -39.726833
v -82.354103 6.483313 -39.726833
v -82.664795 12.041540 -39.757435
v -82.664795 11.536247 -39.757435
v -82.664795 11.030953 -39.757435
v -82.664795 10.525661 -39.757435
v -82.664795 10.020367 -39.757435
v -82.664795 9.515073 -39.757435
v -82.664795 9.009779 -39.757435
v -82.664795 8.504486 -39.757435
v -82.664795 7.999193 -39.757435
v -82.664795 7.493899 -39.757435
v -82.664795 6.988606 -39.757435
v -82.664795 6.483313 -39.757435
v -82.963554 12.041540 -39.848061
v -82.963554 11.536247 -39.848061
v -82.963554 11.030953 -39.848061
v -82.963554 10.525661 -39.848061
v -82.963554 10.020367 -39.848061
v -82.963554 9.515073 -39.848061
v -82.963554 9.009779 -39.848061
v -82.963554 8.504486 -39.848061
v -82.963554 7.999193 -39.848061
v -82.963554 7.493899 -39.848061
v -82.963554 6.988606 -39.848061
v -82.963554 6.483313 -39.848061
v -83.238884 12.041540 -39.995232
v -83.238884 11.536247 -39.995232
v -83.238884 11.030953 -39.995232
v -83.238884 10.525661 -39.995232
v -83.238884 10.020367 -39.995232
v -83.238884 9.515073 -39.995232
v -83.238884 9.009779 -39.995232
v -83.238884 8.504486 -39.995232
v -83.238884 7.999193 -39.995232
v -83.238884 7.493899 -39.995232
v -83.238884 6.988606 -39.995232
v -83.238884 6.483313 -39.995232
v -83.480217 12.041540 -40.193287
v -83.480217 11.536247 -40.193287
v -83.480217 11.030953 -40.193287
v -83.480217 10.525661 -40.193287
v -83.480217 10.020367 -40.193287
v -83.480217 9.515073 -40.193287
v -83.480217 9.009779 -40.193287
v -83.480217 8.504486 -40.193287
v -83.480217 7.999193 -40.193287
v -83.480217 7.493899 -40.193287
v -83.480217 6.988606 -40.193287
v -83.480217 6.483313 -40.193287
v -83.678268 12.041540 -40.434620
v -83.678268 11.536247 -40.434620
v -83.678268 11.030953 -40.434620
v -83.678268 10.525661 -40.434620
v -83.678268 10.020367 -40.434620
v -83.678268 9.515073 -40.434620
v -83.678268 9.009779 -40.434620
v -83.678268 8.504486 -40.434620
v -83.678268 7.999193 -40.434620
v -83.678268 7.493899 -40.434620
v -83.678268 6.988606 -40.434620
v -83.678268 6.483313 -40.434620
v -83.825439 12.041540 -40.709953
v -83.825439 11.536247 -40.709953
v -83.825439 11.030953 -40.709953
v -83.825439 10.525661 -40.709953
v -83.825439 10.020367 -40.709953
v -83.825439 9.515073 -40.709953
v -83.825439 9.009779 -40.709953
v -83.825439 8.504486 -40.709953
v -83.825439 7.999193 -40.709953
v -83.825439 7.493899 -40.709953
v -83.825439 6.988606 -40.709953
v -83.825439 6.483313 -40.709953
v -83.916069 12.041540 -41.008705
v -83.916069 11.536247 -41.008705
v -83.916069 11.030953 -41.008705
v -83.916069 10.525661 -41.008705
v -83.916069 10.020367 -41.008705
v -83.916069 9.515073 -41.008705
v -83.916069 9.009779 -41.008705
v -83.916069 8.504486 -41.008705
v -83.916069 7.999193 -41.008705
v -83.916069 7.493899 -41.008705
v -83.916069 6.988606 -41.008705
v -83.916069 6.483313 -41.008705
v -83.946671 12.041540 -41.319401
v -83.946671 11.536247 -41.319401
v -83.946671 11.030953 -41.319401
v -83.946671 10.525661 -41.319401
v -83.946671 10.020367 -41.319401
v -83.946671 9.515073 -41.319401
v -83.946671 9.009779 -41.319401
v -83.946671 8.504486 -41.319401
v -83.946671 7.999193 -41.319401
v -83.946671 7.493899 -41.319401
v -83.946671 6.988606 -41.319401
v -83.946671 6.483313 -41.319401
v -83.916069 12.041540 -41.630093
v -83.916069 11.536247 -41.630093
v -83.916069 11.030953 -41.630093
v -83.916069 10.525661 -41.630093
v -83.916069 10.020367 -41.630093
v -83.916069 9.515073 -41.630093
v -83.916069 9.009779 -41.630093
v -83.916069 8.504486 -41.630093
v -83.916069 7.999193 -41.630093
v -83.916069 7.493899 -41.630093
v -83.916069 6.988606 -41.630093
v -83.916069 6.483313 -41.630093
v -83.825439 12.041540 -41.928848
v -83.825439 11.536247 -41.928848
v -83.825439 11.030953 -41.928848
v -83.825439 10.525661 -41.928848
v -83.825439 10.020367 -41.928848
v -83.825439 9.515073 -41.928848
v -83.825439 9.009779 -41.928848
v -83.825439 8.504486 -41.928848
v -83.825439 7.999193 -41.928848
v -83.825439 7.493899 -41.928848
v -83.825439 6.988606 -41.928848
v -83.825439 6.483313 -41.928848
v -83.678268 12.041540 -42.204182
v -83.678268 11.536247 -42.204182
v -83.678268 11.030953 -42.204182
v -83.678268 10.525661 -42.204182
v -83.678268 10.020367 -42.204182
v -83.678268 9.515073 -42.204182
v -83.678268 9.009779 -42.204182
v -83.678268 8.504486 -42.204182
v -83.678268 7.999193 -42.204182
v -83.678268 7.493899 -42.204182
v -83.678268 6.988606 -42.204182
v -83.678268 6.483313 -42.204182
v -80.751892 6.483313 -43.783501
v -80.751892 5.978020 -43.783501
v -80.476555 5.978020 -43.636333
v -80.476555 6.483313 -43.636333
v -80.235222 5.978020 -43.438278
v -80.235222 6.483313 -43.438278
v -80.037170 5.978020 -43.196945
v -80.037170 6.483313 -43.196945
v -79.889999 5.978020 -42.921612
v -79.889999 6.483313 -42.921612
v -82.412941 6.988606 -44.147526
v -82.412941 6.483313 -44.147526
v -82.102249 6.988606 -44.178127
v -82.102249 6.483313 -44.178127
v -81.791557 6.988606 -44.147526
v -81.791557 6.483313 -44.147526
v -81.492798 6.988606 -44.056900
v -81.492798 6.483313 -44.056900
v -81.217468 6.988606 -43.909733
v -81.217468 6.483313 -43.909733
v -83.995346 6.988606 -43.689148
v -83.995346 7.493900 -43.689148
v -83.754013 7.493899 -43.887203
v -83.754013 6.988606 -43.887203
v -83.478683 7.493899 -44.034374
v -83.478683 6.988606 -44.034374
v -83.179924 7.493899 -44.125000
v -83.179924 6.988606 -44.125000
v -82.869232 7.493899 -44.155598
v -82.869232 6.988606 -44.155598
v -84.631683 7.493900 -43.214897
v -84.631683 7.999194 -43.214897
v -84.390350 7.999193 -43.412952
v -84.390350 7.493899 -43.412952
v -85.067535 7.999193 -42.399479
v -85.067535 7.493899 -42.399479
v -84.976906 7.999193 -42.698231
v -84.976906 7.493899 -42.698231
v -84.829735 7.999193 -42.973564
v -84.829735 7.493899 -42.973564
v -85.170464 8.504486 -40.709953
v -85.170464 7.999193 -40.709953
v -85.261086 8.504486 -41.008705
v -85.261086 7.999193 -41.008705
v -85.291687 8.504486 -41.319401
v -85.291687 7.999193 -41.319401
v -85.261086 8.504486 -41.630093
v -85.261086 7.999193 -41.630093
v -85.170464 8.504486 -41.928848
v -85.170464 7.999193 -41.928848
v -84.519836 9.009779 -39.139324
v -84.519836 8.504486 -39.139324
v -84.761169 9.009779 -39.337379
v -84.761169 8.504486 -39.337379
v -84.959229 9.009779 -39.578712
v -84.959229 8.504486 -39.578712
v -85.106392 9.009779 -39.854046
v -85.106392 8.504486 -39.854046
v -85.197021 9.009779 -40.152802
v -85.197021 8.504486 -40.152802
v -82.945374 9.515073 -38.299374
v -82.945374 9.009779 -38.299374
v -83.256073 9.515073 -38.329975
v -83.256073 9.009779 -38.329975
v -83.554825 9.515073 -38.420601
v -83.554825 9.009779 -38.420601
v -83.830154 9.515073 -38.567768
v -83.830154 9.009779 -38.567768
v -84.071487 9.515073 -38.765827
v -84.071487 9.009779 -38.765827
v -81.145775 10.020367 -38.368668
v -81.145775 9.515073 -38.368668
v -81.421112 10.020367 -38.221500
v -81.421112 9.515073 -38.221500
v -81.719864 10.020367 -38.130875
v -81.719864 9.515073 -38.130875
v -82.030556 10.020367 -38.100273
v -82.030556 9.515073 -38.100273
v -82.341255 10.020367 -38.130875
v -82.341255 9.515073 -38.130875
v -79.775002 10.525661 -39.602184
v -79.775002 10.020367 -39.602184
v -79.922165 10.525661 -39.326851
v -79.922165 10.020367 -39.326851
v -80.120224 10.525661 -39.085518
v -80.120224 10.020367 -39.085518
v -80.361557 10.525661 -38.887463
v -80.361557 10.020367 -38.887463
v -80.636887 10.525661 -38.740295
v -80.636887 10.020367 -38.740295
v -79.318619 11.030953 -41.336994
v -79.318619 10.525661 -41.336994
v -79.288025 11.030953 -41.026299
v -79.288025 10.525661 -41.026299
v -79.318619 11.030953 -40.715607
v -79.318619 10.525661 -40.715607
v -79.409248 11.030953 -40.416851
v -79.409248 10.525661 -40.416851
v -79.556419 11.030953 -40.141518
v -79.556419 10.525661 -40.141518
v -79.906090 11.536247 -42.993065
v -79.906090 11.030953 -42.993065
v -79.708031 11.536247 -42.751732
v -79.708031 11.030953 -42.751732
v -79.560860 11.536247 -42.476398
v -79.560860 11.030953 -42.476398
v -79.470238 11.536247 -42.177643
v -79.470238 11.030953 -42.177643
v -79.439636 11.536247 -41.866951
v -79.439636 11.030953 -41.866951
v -81.296547 12.041540 -43.999119
v -81.296547 11.536247 -43.999119
v -80.997795 12.041540 -43.908493
v -80.997795 11.536247 -43.908493
v -80.722466 12.041540 -43.761322
v -80.722466 11.536247 -43.761322
v -80.481133 12.041540 -43.563267
v -80.481133 11.536247 -43.563267
v -80.283073 12.041540 -43.321934
v -80.283073 11.536247 -43.321934
v -83.480217 12.072245 -42.445515
v -83.238884 12.072245 -42.643570
v -82.963547 12.072245 -42.790737
v -82.664795 12.072245 -42.881363
v -82.354103 12.072245 -42.911964
v -82.043411 12.072245 -42.881363
v -81.744652 12.072245 -42.790737
v -81.469322 12.072245 -42.643570
v -81.227989 12.072245 -42.445515
v -81.029930 12.072245 -42.204182
v -80.882767 12.072245 -41.928848
v -80.792137 12.072245 -41.630093
v -80.761536 12.072245 -41.319401
v -80.792137 12.072245 -41.008705
v -80.882767 12.072245 -40.709953
v -81.029930 12.072245 -40.434620
v -81.227989 12.072245 -40.193287
v -81.469322 12.072245 -39.995232
v -81.744652 12.072245 -39.848061
v -82.043411 12.072245 -39.757435
v -82.354103 12.072245 -39.726837
v -82.664795 12.072245 -39.757435
v -82.963547 12.072245 -39.848061
v -83.238884 12.072245 -39.995232
v -83.480217 12.072245 -40.193287
v -83.678268 12.072245 -40.434620
v -83.825439 12.072245 -40.709953
v -83.916069 12.072245 -41.008705
v -83.946671 12.072245 -41.319401
v -83.916069 12.072245 -41.630093
v -83.825439 12.072245 -41.928848
v -83.678268 12.072245 -42.204182
v -80.728790 12.041540 -44.848827
v -80.728790 11.536247 -44.848827
v -80.430038 12.041540 -44.758202
v -80.430038 11.536247 -44.758202
v -80.154701 12.041540 -44.611034
v -80.154701 11.536247 -44.611034
v -79.913368 12.041540 -44.412979
v -79.913368 11.536247 -44.412979
v -79.715317 12.041540 -44.171646
v -79.715317 11.536247 -44.171646
v -93.481224 11.958523 -28.488018
v -71.442780 11.958523 -28.488018
v -93.481224 11.958523 -50.526466
v -71.442780 11.958523 -50.526466
v -92.869049 11.958523 -28.488018
v -92.256866 11.958523 -28.488018
v -91.644691 11.958523 -28.488018
v -91.032509 11.958523 -28.488018
v -90.420334 11.958523 -28.488018
v -89.808151 11.958523 -28.488018
v -89.195976 11.958523 -28.488018
v -88.583794 11.958523 -28.488018
v -87.971611 11.958523 -28.488018
v -87.359436 11.958523 -28.488018
v -86.747253 11.958523 -28.488018
v -86.135078 11.958523 -28.488018
v -85.522896 11.958523 -28.488018
v -84.910721 11.958523 -28.488018
v -84.298538 11.958523 -28.488018
v -83.686363 11.958523 -28.488018
v -83.074181 11.958523 -28.488018
v -82.462006 11.958523 -28.488018
v -81.849823 11.958523 -28.488018
v -81.237648 11.958523 -28.488018
v -80.625465 11.958523 -28.488018
v -80.013290 11.958523 -28.488018
v -79.401108 11.958523 -28.488018
v -78.788933 11.958523 -28.488018
v -78.176750 11.958523 -28.488018
v -77.564568 11.958523 -28.488018
v -76.952393 11.958523 -28.488018
v -76.340210 11.958523 -28.488018
v -75.728035 11.958523 -28.488018
v -75.115852 11.958523 -28.488018
v -74.503677 11.958523 -28.488018
v -73.891495 11.958523 -28.488018
v -73.279320 11.958523 -28.488018
v -72.667137 11.958523 -28.488018
v -72.054962 11.958523 -28.488018
v -72.054962 11.958523 -50.526466
v -72.667137 11.958523 -50.526466
v -73.279320 11.958523 -50.526466
v -73.891495 11.958523 -50.526466
v -74.503677 11.958523 -50.526466
v -75.115860 11.958523 -50.526466
v -75.728035 11.958523 -50.526466
v -76.340218 11.958523 -50.526466
v -76.952393 11.958523 -50.526466
v -77.564575 11.958523 -50.526466
v -78.176750 11.958523 -50.526466
v -78.788933 11.958523 -50.526466
v -79.401108 11.958523 -50.526466
v -80.013290 11.958523 -50.526466
v -80.625465 11.958523 -50.526466
v -81.237648 11.958523 -50.526466
v -81.849823 11.958523 -50.526466
v -82.462006 11.958523 -50.526466
v -83.074181 11.958523 -50.526466
v -83.686363 11.958523 -50.526466
v -84.298538 11.958523 -50.526466
v -84.910721 11.958523 -50.526466
v -85.522896 11.958523 -50.526466
v -86.135078 11.958523 -50.526466
v -86.747253 11.958523 -50.526466
v -87.359436 11.958523 -50.526466
v -87.971619 11.958523 -50.526466
v -88.583794 11.958523 -50.526466
v -89.195976 11.958523 -50.526466
v -89.808151 11.958523 -50.526466
v -90.420334 11.958523 -50.526466
v -91.032509 11.958523 -50.526466
v -91.644691 11.958523 -50.526466
v -92.256866 11.958523 -50.526466
v -92.869049 11.958523 -50.526466
v -93.481224 11.958523 -49.914284
v -93.481224 11.958523 -49.302105
v -93.481224 11.958523 -48.689926
v -93.481224 11.958523 -48.077747
v -93.481224 11.958523 -47.465569
v -93.481224 11.958523 -46.853390
v -93.481224 11.958523 -46.241211
v -93.481224 11.958523 -45.629032
v -93.481224 11.958523 -45.016853
v -93.481224 11.958523 -44.404675
v -93.481224 11.958523 -43.792496
v -93.481224 11.958523 -43.180317
v -93.481224 11.958523 -42.568138
v -93.481224 11.958523 -41.955959
v -93.481224 11.958523 -41.343781
v -93.481224 11.958523 -40.731602
v -93.481224 11.958523 -40.119423
v -93.481224 11.958523 -39.507240
v -93.481224 11.958523 -38.895061
v -93.481224 11.958523 -38.282883
v -93.481224 11.958523 -37.670704
v -93.481224 11.958523 -37.058525
v -93.481224 11.958523 -36.446346
v -93.481224 11.958523 -35.834167
v -93.481224 11.958523 -35.221989
v -93.481224 11.958523 -34.609810
v -93.481224 11.958523 -33.997631
v -93.481224 11.958523 -33.385452
v -93.481224 11.958523 -32.773273
v -93.481224 11.958523 -32.161095
v -93.481224 11.958523 -31.548916
v -93.481224 11.958523 -30.936737
v -93.481224 11.958523 -30.324556
v -93.481224 11.958523 -29.712379
v -93.481224 11.958523 -29.100201
v -71.442780 11.958523 -29.100201
v -71.442780 11.958523 -29.712379
v -71.442780 11.958523 -30.324558
v -71.442780 11.958523 -30.936737
v -71.442780 11.958523 -31.548916
v -71.442780 11.958523 -32.161095
v -71.442780 11.958523 -32.773273
v -71.442780 11.958523 -33.385452
v -71.442780 11.958523 -33.997631
v -71.442780 11.958523 -34.609810
v -71.442780 11.958523 -35.221989
v -71.442780 11.958523 -35.834167
v -71.442780 11.958523 -36.446350
v -71.442780 11.958523 -37.058529
v -71.442780 11.958523 -37.670708
v -71.442780 11.958523 -38.282887
v -71.442780 11.958523 -38.895065
v -71.442780 11.958523 -39.507244
v -71.442780 11.958523 -40.119423
v -71.442780 11.958523 -40.731602
v -71.442780 11.958523 -41.343781
v -71.442780 11.958523 -41.955959
v -71.442780 11.958523 -42.568138
v -71.442780 11.958523 -43.180317
v -71.442780 11.958523 -43.792496
v -71.442780 11.958523 -44.404675
v -71.442780 11.958523 -45.016853
v -71.442780 11.958523 -45.629032
v -71.442780 11.958523 -46.241211
v -71.442780 11.958523 -46.853394
v -71.442780 11.958523 -47.465569
v -71.442780 11.958523 -48.077751
v -71.442780 11.958523 -48.689930
v -71.442780 11.958523 -49.302109
v -71.442780 11.958523 -49.914284
v -92.869049 11.958523 -29.100201
v -92.869049 11.958523 -29.712379
v -92.869049 11.958523 -30.324558
v -92.869049 11.958523 -30.936737
v -92.869049 11.958523 -31.548916
v -92.869049 11.958523 -32.161095
v -92.869049 11.958523 -32.773273
v -92.869049 11.958523 -33.385452
v -92.869049 11.958523 -33.997631
v -92.869049 11.958523 -34.609810
v -92.869049 11.958523 -35.221989
v -92.869049 11.958523 -35.834167
v -92.869049 11.958523 -36.446350
v -92.869049 11.958523 -37.058529
v -92.869049 11.958523 -37.670708
v -92.869049 11.958523 -38.282887
v -92.869049 11.958523 -38.895065
v -92.869049 11.958523 -39.507244
v -92.869049 11.958523 -40.119423
v -92.869049 11.958523 -40.731602
v -92.869049 11.958523 -41.343781
v -92.869049 11.958523 -41.955959
v -92.869049 11.958523 -42.568138
v -92.869049 11.958523 -43.180317
v -92.869049 11.958523 -43.792496
v -92.869049 11.958523 -44.404675
v -92.869049 11.958523 -45.016853
v -92.869049 11.958523 -45.629032
v -92.869049 11.958523 -46.241211
v -92.869049 11.958523 -46.853394
v -92.869049 11.958523 -47.465569
v -92.869049 11.958523 -48.077751
v -92.869049 11.958523 -48.689930
v -92.869049 11.958523 -49.302109
v -92.869049 11.958523 -49.914284
v -92.256866 11.958523 -29.100201
v -92.256866 11.958523 -29.712379
v -92.256866 11.958523 -30.324558
v -92.256866 11.958523 -30.936737
v -92.256866 11.958523 -31.548916
v -92.256866 11.958523 -32.161095
v -92.256866 11.958523 -32.773273
v -92.256866 11.958523 -33.385452
v -92.256866 11.958523 -33.997631
v -92.256866 11.958523 -34.609810
v -92.256866 11.958523 -35.221989
v -92.256866 11.958523 -35.834167
v -92.256866 11.958523 -36.446350
v -92.256866 11.958523 -37.058529
v -92.256866 11.958523 -37.670708
v -92.256866 11.958523 -38.282887
v -92.256866 11.958523 -38.895065
v -92.256866 11.958523 -39.507244
v -92.256866 11.958523 -40.119423
v -92.256866 11.958523 -40.731602
v -92.256866 11.958523 -41.343781
v -92.256866 11.958523 -41.955959
v -92.256866 11.958523 -42.568138
v -92.256866 11.958523 -43.180317
v -92.256866 11.958523 -43.792496
v -92.256866 11.958523 -44.404675
v -92.256866 11.958523 -45.016853
v -92.256866 11.958523 -45.629032
v -92.256866 11.958523 -46.241211
v -92.256866 11.958523 -46.853394
v -92.256866 11.958523 -47.465569
v -92.256866 11.958523 -48.077751
v -92.256866 11.958523 -48.689930
v -92.256866 11.958523 -49.302109
v -92.256866 11.958523 -49.914284
v -91.644691 11.958523 -29.100201
v -91.644691 11.958523 -29.712379
v -91.644691 11.958523 -30.324558
v -91.644691 11.958523 -30.936737
v -91.644691 11.958523 -31.548916
v -91.644691 11.958523 -32.161095
v -91.644691 11.958523 -32.773273
v -91.644691 11.958523 -33.385452
v -91.644691 11.958523 -33.997631
v -91.644691 11.958523 -34.609810
v -91.644691 11.958523 -35.221989
v -91.644691 11.958523 -35.834167
v -91.644691 11.958523 -36.446350
v -91.644691 11.958523 -37.058529
v -91.644691 11.958523 -37.670708
v -91.644691 11.958523 -38.282887
v -91.644691 11.958523 -38.895065
v -91.644691 11.958523 -39.507244
v -91.644691 11.958523 -40.119423
v -91.644691 11.958523 -40.731602
v -91.644691 11.958523 -41.343781
v -91.644691 11.958523 -41.955959
v -91.644691 11.958523 -42.568138
v -91.644691 11.958523 -43.180317
v -91.644691 11.958523 -43.792496
v -91.644691 11.958523 -44.404675
v -91.644691 11.958523 -45.016853
v -91.644691 11.958523 -45.629032
v -91.644691 11.958523 -46.241211
v -91.644691 11.958523 -46.853394
v -91.644691 11.958523 -47.465569
v -91.644691 11.958523 -48.077751
v -91.644691 11.958523 -48.689930
v -91.644691 11.958523 -49.302109
v -91.644691 11.958523 -49.914284
v -91.032509 11.958523 -29.100201
v -91.032509 11.958523 -29.712379
v -91.032509 11.958523 -30.324558
v -91.032509 11.958523 -30.936737
v -91.032509 11.958523 -31.548916
v -91.032509 11.958523 -32.161095
v -91.032509 11.958523 -32.773273
v -91.032509 11.958523 -33.385452
v -91.032509 11.958523 -33.997631
v -91.032509 11.958523 -34.609810
v -91.032509 11.958523 -35.221989
v -91.032509 11.958523 -35.834167
v -91.032509 11.958523 -36.446350
v -91.032509 11.958523 -37.058529
v -91.032509 11.958523 -37.670708
v -91.032509 11.958523 -38.282887
v -91.032509 11.958523 -38.895065
v -91.032509 11.958523 -39.507244
v -91.032509 11.958523 -40.119423
v -91.032509 11.958523 -40.731602
v -91.032509 11.958523 -41.343781
v -91.032509 11.958523 -41.955959
v -91.032509 11.958523 -42.568138
v -91.032509 11.958523 -43.180317
v -91.032509 11.958523 -43.792496
v -91.032509 11.958523 -44.404675
v -91.032509 11.958523 -45.016853
v -91.032509 11.958523 -45.629032
v -91.032509 11.958523 -46.241211
v -91.032509 11.958523 -46.853394
v -91.032509 11.958523 -47.465569
v -91.032509 11.958523 -48.077751
v -91.032509 11.958523 -48.689930
v -91.032509 11.958523 -49.302109
v -91.032509 11.958523 -49.914284
v -90.420334 11.958523 -29.100201
v -90.420334 11.958523 -29.712379
v -90.420334 11.958523 -30.324558
v -90.420334 11.958523 -30.936737
v -90.420334 11.958523 -31.548916
v -90.420334 11.958523 -32.161095
v -90.420334 11.958523 -32.773273
v -90.420334 11.958523 -33.385452
v -90.420334 11.958523 -33.997631
v -90.420334 11.958523 -34.609810
v -90.420334 11.958523 -35.221989
v -90.420334 11.958523 -35.834167
v -90.420334 11.958523 -36.446350
v -90.420334 11.958523 -37.058529
v -90.420334 11.958523 -37.670708
v -90.420334 11.958523 -38.282887
v -90.420334 11.958523 -38.895065
v -90.420334 11.958523 -39.507244
v -90.420334 11.958523 -40.119423
v -90.420334 11.958523 -40.731602
v -90.420334 11.958523 -41.343781
v -90.420334 11.958523 -41.955959
v -90.420334 11.958523 -42.568138
v -90.420334 11.958523 -43.180317
v -90.420334 11.958523 -43.792496
v -90.420334 11.958523 -44.404675
v -90.420334 11.958523 -45.016853
v -90.420334 11.958523 -45.629032
v -90.420334 11.958523 -46.241211
v -90.420334 11.958523 -46.853394
v -90.420334 11.958523 -47.465569
v -90.420334 11.958523 -48.077751
v -90.420334 11.958523 -48.689930
v -90.420334 11.958523 -49.302109
v -90.420334 11.958523 -49.914284
v -89.808151 11.958523 -29.100201
v -89.808151 11.958523 -29.712379
v -89.808151 11.958523 -30.324558
v -89.808151 11.958523 -30.936737
v -89.808151 11.958523 -31.548916
v -89.808151 11.958523 -32.161095
v -89.808151 11.958523 -32.773273
v -89.808151 11.958523 -33.385452
v -89.808151 11.958523 -33.997631
v -89.808151 11.958523 -34.609810
v -89.808151 11.958523 -35.221989
v -89.808151 11.958523 -35.834167
v -89.808151 11.958523 -36.446350
v -89.808151 11.958523 -37.058529
v -89.808151 11.958523 -37.670708
v -89.808151 11.958523 -38.282887
v -89.808151 11.958523 -38.895065
v -89.808151 11.958523 -39.507244
v -89.808151 11.958523 -40.119423
v -89.808151 11.958523 -40.731602
v -89.808151 11.958523 -41.343781
v -89.808151 11.958523 -41.955959
v -89.808151 11.958523 -42.568138
v -89.808151 11.958523 -43.180317
v -89.808151 11.958523 -43.792496
v -89.808151 11.958523 -44.404675
v -89.808151 11.958523 -45.016853
v -89.808151 11.958523 -45.629032
v -89.808151 11.958523 -46.241211
v -89.808151 11.958523 -46.853394
v -89.808151 11.958523 -47.465569
v -89.808151 11.958523 -48.077751
v -89.808151 11.958523 -48.689930
v -89.808151 11.958523 -49.302109
v -89.808151 11.958523 -49.914284
v -89.195976 11.958523 -29.100201
v -89.195976 11.958523 -29.712379
v -89.195976 11.958523 -30.324558
v -89.195976 11.958523 -30.936737
v -89.195976 11.958523 -31.548916
v -89.195976 11.958523 -32.161095
v -89.195976 11.958523 -32.773273
v -89.195976 11.958523 -33.385452
v -89.195976 11.958523 -33.997631
v -89.195976 11.958523 -34.609810
v -89.195976 11.958523 -35.221989
v -89.195976 11.958523 -35.834167
v -89.195976 11.958523 -36.446350
v -89.195976 11.958523 -37.058529
v -89.195976 11.958523 -37.670708
v -89.195976 11.958523 -38.282887
v -89.195976 11.958523 -38.895065
v -89.195976 11.958523 -39.507244
v -89.195976 11.958523 -40.119423
v -89.195976 11.958523 -40.731602
v -89.195976 11.958523 -41.343781
v -89.195976 11.958523 -41.955959
v -89.195976 11.958523 -42.568138
v -89.195976 11.958523 -43.180317
v -89.195976 11.958523 -43.792496
v -89.195976 11.958523 -44.404675
v -89.195976 11.958523 -45.016853
v -89.195976 11.958523 -45.629032
v -89.195976 11.958523 -46.241211
v -89.195976 11.958523 -46.853394
v -89.195976 11.958523 -47.465569
v -89.195976 11.958523 -48.077751
v -89.195976 11.958523 -48.689930
v -89.195976 11.958523 -49.302109
v -89.195976 11.958523 -49.914284
v -88.583794 11.958523 -29.100201
v -88.583794 11.958523 -29.712379
v -88.583794 11.958523 -30.324558
v -88.583794 11.958523 -30.936737
v -88.583794 11.958523 -31.548916
v -88.583794 11.958523 -32.161095
v -88.583794 11.958523 -32.773273
v -88.583794 11.958523 -33.385452
v -88.583794 11.958523 -33.997631
v -88.583794 11.958523 -34.609810
v -88.583794 11.958523 -35.221989
v -88.583794 11.958523 -35.834167
v -88.583794 11.958523 -36.446350
v -88.583794 11.958523 -37.058529
v -88.583794 11.958523 -37.670708
v -88.583794 11.958523 -38.282887
v -88.583794 11.958523 -38.895065
v -88.583794 11.958523 -39.507244
v -88.583794 11.958523 -40.119423
v -88.583794 11.958523 -40.731602
v -88.583794 11.958523 -41.343781
v -88.583794 11.958523 -41.955959
v -88.583794 11.958523 -42.568138
v -88.583794 11.958523 -43.180317
v -88.583794 11.958523 -43.792496
v -88.583794 11.958523 -44.404675
v -88.583794 11.958523 -45.016853
v -88.583794 11.958523 -45.629032
v -88.583794 11.958523 -46.241211
v -88.583794 11.958523 -46.853394
v -88.583794 11.958523 -47.465569
v -88.583794 11.958523 -48.077751
v -88.583794 11.958523 -48.689930
v -88.583794 11.958523 -49.302109
v -88.583794 11.958523 -49.914284
v -87.971611 11.958523 -29.100201
v -87.971611 11.958523 -29.712379
v -87.971611 11.958523 -30.324558
v -87.971611 11.958523 -30.936737
v -87.971611 11.958523 -31.548916
v -87.971611 11.958523 -32.161095
v -87.971611 11.958523 -32.773273
v -87.971611 11.958523 -33.385452
v -87.971611 11.958523 -33.997631
v -87.971611 11.958523 -34.609810
v -87.971611 11.958523 -35.221989
v -87.971611 11.958523 -35.834167
v -87.971611 11.958523 -36.446350
v -87.971611 11.958523 -37.058529
v -87.971611 11.958523 -37.670708
v -87.971611 11.958523 -38.282887
v -87.971611 11.958523 -38.895065
v -87.971611 11.958523 -39.507244
v -87.971611 11.958523 -40.119423
v -87.971611 11.958523 -40.731602
v -87.971611 11.958523 -41.343781
v -87.971611 11.958523 -41.955959
v -87.971611 11.958523 -42.568138
v -87.971611 11.958523 -43.180317
v -87.971611 11.958523 -43.792496
v -87.971611 11.958523 -44.404675
v -87.971611 11.958523 -45.016853
v -87.971611 11.958523 -45.629032
v -87.971611 11.958523 -46.241211
v -87.971611 11.958523 -46.853394
v -87.971611 11.958523 -47.465569
v -87.971611 11.958523 -48.077751
v -87.971611 11.958523 -48.689930
v -87.971619 11.958523 -49.302109
v -87.971619 11.958523 -49.914284
v -87.359436 11.958523 -29.100201
v -87.359436 11.958523 -29.712379
v -87.359436 11.958523 -30.324558
v -87.359436 11.958523 -30.936737
v -87.359436 11.958523 -31.548916
v -87.359436 11.958523 -32.161095
v -87.359436 11.958523 -32.773273
v -87.359436 11.958523 -33.385452
v -87.359436 11.958523 -33.997631
v -87.359436 11.958523 -34.609810
v -87.359436 11.958523 -35.221989
v -87.359436 11.958523 -35.834167
v -87.359436 11.958523 -36.446350
v -87.359436 11.958523 -37.058529
v -87.359436 11.958523 -37.670708
v -87.359436 11.958523 -38.282887
v -87.359436 11.958523 -38.895065
v -87.359436 11.958523 -39.507244
v -87.359436 11.958523 -40.119423
v -87.359436 11.958523 -40.731602
v -87.359436 11.958523 -41.343781
v -87.359436 11.958523 -41.955959
v -87.359436 11.958523 -42.568138
v -87.359436 11.958523 -43.180317
v -87.359436 11.958523 -43.792496
v -87.359436 11.958523 -44.404675
v -87.359436 11.958523 -45.016853
v -87.359436 11.958523 -45.629032
v -87.359436 11.958523 -46.241211
v -87.359436 11.958523 -46.853394
v -87.359436 11.958523 -47.465569
v -87.359436 11.958523 -48.077751
v -87.359436 11.958523 -48.689930
v -87.359436 11.958523 -49.302109
v -87.359436 11.958523 -49.914284
v -86.747253 11.958523 -29.100201
v -86.747253 11.958523 -29.712379
v -86.747253 11.958523 -30.324558
v -86.747253 11.958523 -30.936737
v -86.747253 11.958523 -31.548916
v -86.747253 11.958523 -32.161095
v -86.747253 11.958523 -32.773273
v -86.747253 11.958523 -33.385452
v -86.747253 11.958523 -33.997631
v -86.747253 11.958523 -34.609810
v -86.747253 11.958523 -35.221989
v -86.747253 11.958523 -35.834167
v -86.747253 11.958523 -36.446350
v -86.747253 11.958523 -37.058529
v -86.747253 11.958523 -37.670708
v -86.747253 11.958523 -38.282887
v -86.747253 11.958523 -38.895065
v -86.747253 11.958523 -39.507244
v -86.747253 11.958523 -40.119423
v -86.747253 11.958523 -40.731602
v -86.747253 11.958523 -41.343781
v -86.747253 11.958523 -41.955959
v -86.747253 11.958523 -42.568138
v -86.747253 11.958523 -43.180317
v -86.747253 11.958523 -43.792496
v -86.747253 11.958523 -44.404675
v -86.747253 11.958523 -45.016853
v -86.747253 11.958523 -45.629032
v -86.747253 11.958523 -46.241211
v -86.747253 11.958523 -46.853394
v -86.747253 11.958523 -47.465569
v -86.747253 11.958523 -48.077751
v -86.747253 11.958523 -48.689930
v -86.747253 11.958523 -49.302109
v -86.747253 11.958523 -49.914284
v -86.135078 11.958523 -29.100201
v -86.135078 11.958523 -29.712379
v -86.135078 11.958523 -30.324558
v -86.135078 11.958523 -30.936737
v -86.135078 11.958523 -31.548916
v -86.135078 11.958523 -32.161095
v -86.135078 11.958523 -32.773273
v -86.135078 11.958523 -33.385452
v -86.135078 11.958523 -33.997631
v -86.135078 11.958523 -34.609810
v -86.135078 11.958523 -35.221989
v -86.135078 11.958523 -35.834167
v -86.135078 11.958523 -36.446350
v -86.135078 11.958523 -37.058529
v -86.135078 11.958523 -37.670708
v -86.135078 11.958523 -38.282887
v -86.135078 11.958523 -38.895065
v -86.135078 11.958523 -39.507244
v -86.135078 11.958523 -40.119423
v -86.135078 11.958523 -40.731602
v -86.135078 11.958523 -41.343781
v -86.135078 11.958523 -41.955959
v -86.135078 11.958523 -42.568138
v -86.135078 11.958523 -43.180317
v -86.135078 11.958523 -43.792496
v -86.135078 11.958523 -44.404675
v -86.135078 11.958523 -45.016853
v -86.135078 11.958523 -45.629032
v -86.135078 11.958523 -46.241211
v -86.135078 11.958523 -46.853394
v -86.135078 11.958523 -47.465569
v -86.135078 11.958523 -48.077751
v -86.135078 11.958523 -48.689930
v -86.135078 11.958523 -49.302109
v -86.135078 11.958523 -49.914284
v -85.522896 11.958523 -29.100201
v -85.522896 11.958523 -29.712379
v -85.522896 11.958523 -30.324558
v -85.522896 11.958523 -30.936737
v -85.522896 11.958523 -31.548916
v -85.522896 11.958523 -32.161095
v -85.522896 11.958523 -32.773273
v -85.522896 11.958523 -33.385452
v -85.522896 11.958523 -33.997631
v -85.522896 11.958523 -34.609810
v -85.522896 11.958523 -35.221989
v -85.522896 11.958523 -35.834167
v -85.522896 11.958523 -36.446350
v -85.522896 11.958523 -37.058529
v -85.522896 11.958523 -37.670708
v -85.522896 11.958523 -44.404675
v -85.522896 11.958523 -45.016853
v -85.522896 11.958523 -45.629032
v -85.522896 11.958523 -46.241211
v -85.522896 11.958523 -46.853394
v -85.522896 11.958523 -47.465569
v -85.522896 11.958523 -48.077751
v -85.522896 11.958523 -48.689930
v -85.522896 11.958523 -49.302109
v -85.522896 11.958523 -49.914284
v -84.910721 11.958523 -29.100201
v -84.910721 11.958523 -29.712379
v -84.910721 11.958523 -30.324558
v -84.910721 11.958523 -30.936737
v -84.910721 11.958523 -31.548916
v -84.910721 11.958523 -32.161095
v -84.910721 11.958523 -32.773273
v -84.910721 11.958523 -33.385452
v -84.910721 11.958523 -33.997631
v -84.910721 11.958523 -34.609810
v -84.910721 11.958523 -35.221989
v -84.910721 11.958523 -35.834167
v -84.910721 11.958523 -36.446350
v -84.910721 11.958523 -37.058529
v -84.910721 11.958523 -37.670708
v -84.910721 11.958523 -44.404675
v -84.910721 11.958523 -45.016853
v -84.910721 11.958523 -45.629032
v -84.910721 11.958523 -46.241211
v -84.910721 11.958523 -46.853394
v -84.910721 11.958523 -47.465569
v -84.910721 11.958523 -48.077751
v -84.910721 11.958523 -48.689930
v -84.910721 11.958523 -49.302109
v -84.910721 11.958523 -49.914284
v -84.298538 11.958523 -29.100201
v -84.298538 11.958523 -29.712379
v -84.298538 11.958523 -30.324558
v -84.298538 11.958523 -30.936737
v -84.298538 11.958523 -31.548916
v -84.298538 11.958523 -32.161095
v -84.298538 11.958523 -32.773273
v -84.298538 11.958523 -33.385452
v -84.298538 11.958523 -33.997631
v -84.298538 11.958523 -34.609810
v -84.298538 11.958523 -35.221989
v -84.298538 11.958523 -35.834167
v -84.298538 11.958523 -36.446350
v -84.298538 11.958523 -37.058529
v -84.298538 11.958523 -37.670708
v -84.298538 11.958523 -44.404675
v -84.298538 11.958523 -45.016853
v -84.298538 11.958523 -45.629032
v -84.298538 11.958523 -46.241211
v -84.298538 11.958523 -46.853394
v -84.298538 11.958523 -47.465569
v -84.298538 11.958523 -48.077751
v -84.298538 11.958523 -48.689930
v -84.298538 11.958523 -49.302109
v -84.298538 11.958523 -49.914284
v -83.686363 11.958523 -29.100201
v -83.686363 11.958523 -29.712379
v -83.686363 11.958523 -30.324558
v -83.686363 11.958523 -30.936737
v -83.686363 11.958523 -31.548916
v -83.686363 11.958523 -32.161095
v -83.686363 11.958523 -32.773273
v -83.686363 11.958523 -33.385452
v -83.686363 11.958523 -33.997631
v -83.686363 11.958523 -34.609810
v -83.686363 11.958523 -35.221989
v -83.686363 11.958523 -35.834167
v -83.686363 11.958523 -36.446350
v -83.686363 11.958523 -37.058529
v -83.686363 11.958523 -37.670708
v -83.686363 11.958523 -44.732243
v -83.686363 11.958523 -45.016853
v -83.686363 11.958523 -45.629032
v -83.686363 11.958523 -46.241211
v -83.686363 11.958523 -46.853394
v -83.686363 11.958523 -47.465569
v -83.686363 11.958523 -48.077751
v -83.686363 11.958523 -48.689930
v -83.686363 11.958523 -49.302109
v -83.686363 11.958523 -49.914284
v -83.074181 11.958523 -29.100201
v -83.074181 11.958523 -29.712379
v -83.074181 11.958523 -30.324558
v -83.074181 11.958523 -30.936737
v -83.074181 11.958523 -31.548916
v -83.074181 11.958523 -32.161095
v -83.074181 11.958523 -32.773273
v -83.074181 11.958523 -33.385452
v -83.074181 11.958523 -33.997631
v -83.074181 11.958523 -34.609810
v -83.074181 11.958523 -35.221989
v -83.074181 11.958523 -35.834167
v -83.074181 11.958523 -36.446350
v -83.074181 11.958523 -37.058529
v -83.074181 11.958523 -37.670708
v -83.074181 11.958523 -44.920982
v -83.074181 11.958523 -45.016853
v -83.074181 11.958523 -45.629032
v -83.074181 11.958523 -46.241211
v -83.074181 11.958523 -46.853394
v -83.074181 11.958523 -47.465569
v -83.074181 11.958523 -48.077751
v -83.074181 11.958523 -48.689930
v -83.074181 11.958523 -49.302109
v -83.074181 11.958523 -49.914284
v -82.462006 11.958523 -29.100201
v -82.462006 11.958523 -29.712379
v -82.462006 11.958523 -30.324558
v -82.462006 11.958523 -30.936737
v -82.462006 11.958523 -31.548916
v -82.462006 11.958523 -32.161095
v -82.462006 11.958523 -32.773273
v -82.462006 11.958523 -33.385452
v -82.462006 11.958523 -33.997631
v -82.462006 11.958523 -34.609810
v -82.462006 11.958523 -35.221989
v -82.462006 11.958523 -35.834167
v -82.462006 11.958523 -36.446350
v -82.462006 11.958523 -37.058529
v -82.462006 11.958523 -37.670708
v -82.462006 11.958523 -44.968746
v -82.462006 11.958523 -45.016853
v -82.462006 11.958523 -45.629032
v -82.462006 11.958523 -46.241211
v -82.462006 11.958523 -46.853394
v -82.462006 11.958523 -47.465569
v -82.462006 11.958523 -48.077751
v -82.462006 11.958523 -48.689930
v -82.462006 11.958523 -49.302109
v -82.462006 11.958523 -49.914284
v -81.849823 11.958523 -29.100201
v -81.849823 11.958523 -29.712379
v -81.849823 11.958523 -30.324558
v -81.849823 11.958523 -30.936737
v -81.849823 11.958523 -31.548916
v -81.849823 11.958523 -32.161095
v -81.849823 11.958523 -32.773273
v -81.849823 11.958523 -33.385452
v -81.849823 11.958523 -33.997631
v -81.849823 11.958523 -34.609810
v -81.849823 11.958523 -35.221989
v -81.849823 11.958523 -35.834167
v -81.849823 11.958523 -36.446350
v -81.849823 11.958523 -37.058529
v -81.849823 11.958523 -37.670708
v -81.849823 11.958523 -44.939541
v -81.849823 11.958523 -45.016853
v -81.849823 11.958523 -45.629032
v -81.849823 11.958523 -46.241211
v -81.849823 11.958523 -46.853394
v -81.849823 11.958523 -47.465569
v -81.849823 11.958523 -48.077751
v -81.849823 11.958523 -48.689930
v -81.849823 11.958523 -49.302109
v -81.849823 11.958523 -49.914284
v -81.237648 11.958523 -29.100201
v -81.237648 11.958523 -29.712379
v -81.237648 11.958523 -30.324558
v -81.237648 11.958523 -30.936737
v -81.237648 11.958523 -31.548916
v -81.237648 11.958523 -32.161095
v -81.237648 11.958523 -32.773273
v -81.237648 11.958523 -33.385452
v -81.237648 11.958523 -33.997631
v -81.237648 11.958523 -34.609810
v -81.237648 11.958523 -35.221989
v -81.237648 11.958523 -35.834167
v -81.237648 11.958523 -36.446350
v -81.237648 11.958523 -37.058529
v -81.237648 11.958523 -37.670708
v -81.237648 11.958523 -44.791237
v -81.237648 11.958523 -45.016853
v -81.237648 11.958523 -45.629032
v -81.237648 11.958523 -46.241211
v -81.237648 11.958523 -46.853394
v -81.237648 11.958523 -47.465569
v -81.237648 11.958523 -48.077751
v -81.237648 11.958523 -48.689930
v -81.237648 11.958523 -49.302109
v -81.237648 11.958523 -49.914284
v -80.625465 11.958523 -29.100201
v -80.625465 11.958523 -29.712379
v -80.625465 11.958523 -30.324558
v -80.625465 11.958523 -30.936737
v -80.625465 11.958523 -31.548916
v -80.625465 11.958523 -32.161095
v -80.625465 11.958523 -32.773273
v -80.625465 11.958523 -33.385452
v -80.625465 11.958523 -33.997631
v -80.625465 11.958523 -34.609810
v -80.625465 11.958523 -35.221989
v -80.625465 11.958523 -35.834167
v -80.625465 11.958523 -36.446350
v -80.625465 11.958523 -37.058529
v -80.625465 11.958523 -37.670708
v -80.625465 11.958523 -44.534962
v -80.625465 11.958523 -45.016853
v -80.625465 11.958523 -45.629032
v -80.625465 11.958523 -46.241211
v -80.625465 11.958523 -46.853394
v -80.625465 11.958523 -47.465569
v -80.625465 11.958523 -48.077751
v -80.625465 11.958523 -48.689930
v -80.625465 11.958523 -49.302109
v -80.625465 11.958523 -49.914284
v -80.013290 11.958523 -29.100201
v -80.013290 11.958523 -29.712379
v -80.013290 11.958523 -30.324558
v -80.013290 11.958523 -30.936737
v -80.013290 11.958523 -31.548916
v -80.013290 11.958523 -32.161095
v -80.013290 11.958523 -32.773273
v -80.013290 11.958523 -33.385452
v -80.013290 11.958523 -33.997631
v -80.013290 11.958523 -34.609810
v -80.013290 11.958523 -35.221989
v -80.013290 11.958523 -35.834167
v -80.013290 11.958523 -36.446350
v -80.013290 11.958523 -37.058529
v -80.013290 11.958523 -37.670708
v -80.013290 11.958523 -44.404675
v -80.013290 11.958523 -45.016853
v -80.013290 11.958523 -45.629032
v -80.013290 11.958523 -46.241211
v -80.013290 11.958523 -46.853394
v -80.013290 11.958523 -47.465569
v -80.013290 11.958523 -48.077751
v -80.013290 11.958523 -48.689930
v -80.013290 11.958523 -49.302109
v -80.013290 11.958523 -49.914284
v -79.401108 11.958523 -29.100201
v -79.401108 11.958523 -29.712379
v -79.401108 11.958523 -30.324558
v -79.401108 11.958523 -30.936737
v -79.401108 11.958523 -31.548916
v -79.401108 11.958523 -32.161095
v -79.401108 11.958523 -32.773273
v -79.401108 11.958523 -33.385452
v -79.401108 11.958523 -33.997631
v -79.401108 11.958523 -34.609810
v -79.401108 11.958523 -35.221989
v -79.401108 11.958523 -35.834167
v -79.401108 11.958523 -36.446350
v -79.401108 11.958523 -37.058529
v -79.401108 11.958523 -37.670708
v -79.401108 11.958523 -44.404675
v -79.401108 11.958523 -45.016853
v -79.401108 11.958523 -45.629032
v -79.401108 11.958523 -46.241211
v -79.401108 11.958523 -46.853394
v -79.401108 11.958523 -47.465569
v -79.401108 11.958523 -48.077751
v -79.401108 11.958523 -48.689930
v -79.401108 11.958523 -49.302109
v -79.401108 11.958523 -49.914284
v -78.788933 11.958523 -29.100201
v -78.788933 11.958523 -29.712379
v -78.788933 11.958523 -30.324558
v -78.788933 11.958523 -30.936737
v -78.788933 11.958523 -31.548916
v -78.788933 11.958523 -32.161095
v -78.788933 11.958523 -32.773273
v -78.788933 11.958523 -33.385452
v -78.788933 11.958523 -33.997631
v -78.788933 11.958523 -34.609810
v -78.788933 11.958523 -35.221989
v -78.788933 11.958523 -35.834167
v -78.788933 11.958523 -36.446350
v -78.788933 11.958523 -37.058529
v -78.788933 11.958523 -37.670708
v -78.788933 11.958523 -44.404675
v -78.788933 11.958523 -45.016853
v -78.788933 11.958523 -45.629032
v -78.788933 11.958523 -46.241211
v -78.788933 11.958523 -46.853394
v -78.788933 11.958523 -47.465569
v -78.788933 11.958523 -48.077751
v -78.788933 11.958523 -48.689930
v -78.788933 11.958523 -49.302109
v -78.788933 11.958523 -49.914284
v -78.176750 11.958523 -29.100201
v -78.176750 11.958523 -29.712379
v -78.176750 11.958523 -30.324558
v -78.176750 11.958523 -30.936737
v -78.176750 11.958523 -31.548916
v -78.176750 11.958523 -32.161095
v -78.176750 11.958523 -32.773273
v -78.176750 11.958523 -33.385452
v -78.176750 11.958523 -33.997631
v -78.176750 11.958523 -34.609810
v -78.176750 11.958523 -35.221989
v -78.176750 11.958523 -35.834167
v -78.176750 11.958523 -36.446350
v -78.176750 11.958523 -37.058529
v -78.176750 11.958523 -37.670708
v -78.176750 11.958523 -38.282887
v -78.176750 11.958523 -38.895065
v -78.176750 11.958523 -39.507244
v -78.176750 11.958523 -40.119423
v -78.176750 11.958523 -40.731602
v -78.176750 11.958523 -41.343781
v -78.176750 11.958523 -41.955959
v -78.176750 11.958523 -42.568138
v -78.176750 11.958523 -43.180317
v -78.176750 11.958523 -43.792496
v -78.176750 11.958523 -44.404675
v -78.176750 11.958523 -45.016853
v -78.176750 11.958523 -45.629032
v -78.176750 11.958523 -46.241211
v -78.176750 11.958523 -46.853394
v -78.176750 11.958523 -47.465569
v -78.176750 11.958523 -48.077751
v -78.176750 11.958523 -48.689930
v -78.176750 11.958523 -49.302109
v -78.176750 11.958523 -49.914284
v -77.564568 11.958523 -29.100201
v -77.564568 11.958523 -29.712379
v -77.564568 11.958523 -30.324558
v -77.564568 11.958523 -30.936737
v -77.564568 11.958523 -31.548916
v -77.564568 11.958523 -32.161095
v -77.564568 11.958523 -32.773273
v -77.564568 11.958523 -33.385452
v -77.564568 11.958523 -33.997631
v -77.564568 11.958523 -34.609810
v -77.564568 11.958523 -35.221989
v -77.564568 11.958523 -35.834167
v -77.564568 11.958523 -36.446350
v -77.564568 11.958523 -37.058529
v -77.564568 11.958523 -37.670708
v -77.564568 11.958523 -38.282887
v -77.564568 11.958523 -38.895065
v -77.564568 11.958523 -39.507244
v -77.564568 11.958523 -40.119423
v -77.564568 11.958523 -40.731602
v -77.564568 11.958523 -41.343781
v -77.564568 11.958523 -41.955959
v -77.564568 11.958523 -42.568138
v -77.564568 11.958523 -43.180317
v -77.564568 11.958523 -43.792496
v -77.564568 11.958523 -44.404675
v -77.564568 11.958523 -45.016853
v -77.564568 11.958523 -45.629032
v -77.564568 11.958523 -46.241211
v -77.564575 11.958523 -46.853394
v -77.564575 11.958523 -47.465569
v -77.564575 11.958523 -48.077751
v -77.564575 11.958523 -48.689930
v -77.564575 11.958523 -49.302109
v -77.564575 11.958523 -49.914284
v -76.952393 11.958523 -29.100201
v -76.952393 11.958523 -29.712379
v -76.952393 11.958523 -30.324558
v -76.952393 11.958523 -30.936737
v -76.952393 11.958523 -31.548916
v -76.952393 11.958523 -32.161095
v -76.952393 11.958523 -32.773273
v -76.952393 11.958523 -33.385452
v -76.952393 11.958523 -33.997631
v -76.952393 11.958523 -34.609810
v -76.952393 11.958523 -35.221989
v -76.952393 11.958523 -35.834167
v -76.952393 11.958523 -36.446350
v -76.952393 11.958523 -37.058529
v -76.952393 11.958523 -37.670708
v -76.952393 11.958523 -38.282887
v -76.952393 11.958523 -38.895065
v -76.952393 11.958523 -39.507244
v -76.952393 11.958523 -40.119423
v -76.952393 11.958523 -40.731602
v -76.952393 11.958523 -41.343781
v -76.952393 11.958523 -41.955959
v -76.952393 11.958523 -42.568138
v -76.952393 11.958523 -43.180317
v -76.952393 11.958523 -43.792496
v -76.952393 11.958523 -44.404675
v -76.952393 11.958523 -45.016853
v -76.952393 11.958523 -45.629032
v -76.952393 11.958523 -46.241211
v -76.952393 11.958523 -46.853394
v -76.952393 11.958523 -47.465569
v -76.952393 11.958523 -48.077751
v -76.952393 11.958523 -48.689930
v -76.952393 11.958523 -49.302109
v -76.952393 11.958523 -49.914284
v -76.340210 11.958523 -29.100201
v -76.340210 11.958523 -29.712379
v -76.340210 11.958523 -30.324558
v -76.340210 11.958523 -30.936737
v -76.340210 11.958523 -31.548916
v -76.340210 11.958523 -32.161095
v -76.340210 11.958523 -32.773273
v -76.340210 11.958523 -33.385452
v -76.340210 11.958523 -33.997631
v -76.340210 11.958523 -34.609810
v -76.340210 11.958523 -35.221989
v -76.340210 11.958523 -35.834167
v -76.340210 11.958523 -36.446350
v -76.340210 11.958523 -37.058529
v -76.340210 11.958523 -37.670708
v -76.340210 11.958523 -38.282887
v -76.340210 11.958523 -38.895065
v -76.340210 11.958523 -39.507244
v -76.340210 11.958523 -40.119423
v -76.340210 11.958523 -40.731602
v -76.340210 11.958523 -41.343781
v -76.340210 11.958523 -41.955959
v -76.340210 11.958523 -42.568138
v -76.340210 11.958523 -43.180317
v -76.340210 11.958523 -43.792496
v -76.340210 11.958523 -44.404675
v -76.340210 11.958523 -45.016853
v -76.340210 11.958523 -45.629032
v -76.340210 11.958523 -46.241211
v -76.340210 11.958523 -46.853394
v -76.340210 11.958523 -47.465569
v -76.340210 11.958523 -48.077751
v -76.340210 11.958523 -48.689930
v -76.340210 11.958523 -49.302109
v -76.340218 11.958523 -49.914284
v -75.728035 11.958523 -29.100201
v -75.728035 11.958523 -29.712379
v -75.728035 11.958523 -30.324558
v -75.728035 11.958523 -30.936737
v -75.728035 11.958523 -31.548916
v -75.728035 11.958523 -32.161095
v -75.728035 11.958523 -32.773273
v -75.728035 11.958523 -33.385452
v -75.728035 11.958523 -33.997631
v -75.728035 11.958523 -34.609810
v -75.728035 11.958523 -35.221989
v -75.728035 11.958523 -35.834167
v -75.728035 11.958523 -36.446350
v -75.728035 11.958523 -37.058529
v -75.728035 11.958523 -37.670708
v -75.728035 11.958523 -38.282887
v -75.728035 11.958523 -38.895065
v -75.728035 11.958523 -39.507244
v -75.728035 11.958523 -40.119423
v -75.728035 11.958523 -40.731602
v -75.728035 11.958523 -41.343781
v -75.728035 11.958523 -41.955959
v -75.728035 11.958523 -42.568138
v -75.728035 11.958523 -43.180317
v -75.728035 11.958523 -43.792496
v -75.728035 11.958523 -44.404675
v -75.728035 11.958523 -45.016853
v -75.728035 11.958523 -45.629032
v -75.728035 11.958523 -46.241211
v -75.728035 11.958523 -46.853394
v -75.728035 11.958523 -47.465569
v -75.728035 11.958523 -48.077751
v -75.728035 11.958523 -48.689930
v -75.728035 11.958523 -49.302109
v -75.728035 11.958523 -49.914284
v -75.115852 11.958523 -29.100201
v -75.115852 11.958523 -29.712379
v -75.115852 11.958523 -30.324558
v -75.115852 11.958523 -30.936737
v -75.115852 11.958523 -31.548916
v -75.115852 11.958523 -32.161095
v -75.115852 11.958523 -32.773273
v -75.115852 11.958523 -33.385452
v -75.115852 11.958523 -33.997631
v -75.115852 11.958523 -34.609810
v -75.115852 11.958523 -35.221989
v -75.115852 11.958523 -35.834167
v -75.115852 11.958523 -36.446350
v -75.115852 11.958523 -37.058529
v -75.115852 11.958523 -37.670708
v -75.115852 11.958523 -38.282887
v -75.115852 11.958523 -38.895065
v -75.115852 11.958523 -39.507244
v -75.115852 11.958523 -40.119423
v -75.115852 11.958523 -40.731602
v -75.115852 11.958523 -41.343781
v -75.115852 11.958523 -41.955959
v -75.115852 11.958523 -42.568138
v -75.115852 11.958523 -43.180317
v -75.115852 11.958523 -43.792496
v -75.115852 11.958523 -44.404675
v -75.115852 11.958523 -45.016853
v -75.115852 11.958523 -45.629032
v -75.115852 11.958523 -46.241211
v -75.115852 11.958523 -46.853394
v -75.115852 11.958523 -47.465569
v -75.115852 11.958523 -48.077751
v -75.115860 11.958523 -48.689930
v -75.115860 11.958523 -49.302109
v -75.115860 11.958523 -49.914284
v -74.503677 11.958523 -29.100201
v -74.503677 11.958523 -29.712379
v -74.503677 11.958523 -30.324558
v -74.503677 11.958523 -30.936737
v -74.503677 11.958523 -31.548916
v -74.503677 11.958523 -32.161095
v -74.503677 11.958523 -32.773273
v -74.503677 11.958523 -33.385452
v -74.503677 11.958523 -33.997631
v -74.503677 11.958523 -34.609810
v -74.503677 11.958523 -35.221989
v -74.503677 11.958523 -35.834167
v -74.503677 11.958523 -36.446350
v -74.503677 11.958523 -37.058529
v -74.503677 11.958523 -37.670708
v -74.503677 11.958523 -38.282887
v -74.503677 11.958523 -38.895065
v -74.503677 11.958523 -39.507244
v -74.503677 11.958523 -40.119423
v -74.503677 11.958523 -40.731602
v -74.503677 11.958523 -41.343781
v -74.503677 11.958523 -41.955959
v -74.503677 11.958523 -42.568138
v -74.503677 11.958523 -43.180317
v -74.503677 11.958523 -43.792496
v -74.503677 11.958523 -44.404675
v -74.503677 11.958523 -45.016853
v -74.503677 11.958523 -45.629032
v -74.503677 11.958523 -46.241211
v -74.503677 11.958523 -46.853394
v -74.503677 11.958523 -47.465569
v -74.503677 11.958523 -48.077751
v -74.503677 11.958523 -48.689930
v -74.503677 11.958523 -49.302109
v -74.503677 11.958523 -49.914284
v -73.891495 11.958523 -29.100201
v -73.891495 11.958523 -29.712379
v -73.891495 11.958523 -30.324558
v -73.891495 11.958523 -30.936737
v -73.891495 11.958523 -31.548916
v -73.891495 11.958523 -32.161095
v -73.891495 11.958523 -32.773273
v -73.891495 11.958523 -33.385452
v -73.891495 11.958523 -33.997631
v -73.891495 11.958523 -34.609810
v -73.891495 11.958523 -35.221989
v -73.891495 11.958523 -35.834167
v -73.891495 11.958523 -36.446350
v -73.891495 11.958523 -37.058529
v -73.891495 11.958523 -37.670708
v -73.891495 11.958523 -38.282887
v -73.891495 11.958523 -38.895065
v -73.891495 11.958523 -39.507244
v -73.891495 11.958523 -40.119423
v -73.891495 11.958523 -40.731602
v -73.891495 11.958523 -41.343781
v -73.891495 11.958523 -41.955959
v -73.891495 11.958523 -42.568138
v -73.891495 11.958523 -43.180317
v -73.891495 11.958523 -43.792496
v -73.891495 11.958523 -44.404675
v -73.891495 11.958523 -45.016853
v -73.891495 11.958523 -45.629032
v -73.891495 11.958523 -46.241211
v -73.891495 11.958523 -46.853394
v -73.891495 11.958523 -47.465569
v -73.891495 11.958523 -48.077751
v -73.891495 11.958523 -48.689930
v -73.891495 11.958523 -49.302109
v -73.891495 11.958523 -49.914284
v -73.279320 11.958523 -29.100201
v -73.279320 11.958523 -29.712379
v -73.279320 11.958523 -30.324558
v -73.279320 11.958523 -30.936737
v -73.279320 11.958523 -31.548916
v -73.279320 11.958523 -32.161095
v -73.279320 11.958523 -32.773273
v -73.279320 11.958523 -33.385452
v -73.279320 11.958523 -33.997631
v -73.279320 11.958523 -34.609810
v -73.279320 11.958523 -35.221989
v -73.279320 11.958523 -35.834167
v -73.279320 11.958523 -36.446350
v -73.279320 11.958523 -37.058529
v -73.279320 11.958523 -37.670708
v -73.279320 11.958523 -38.282887
v -73.279320 11.958523 -38.895065
v -73.279320 11.958523 -39.507244
v -73.279320 11.958523 -40.119423
v -73.279320 11.958523 -40.731602
v -73.279320 11.958523 -41.343781
v -73.279320 11.958523 -41.955959
v -73.279320 11.958523 -42.568138
v -73.279320 11.958523 -43.180317
v -73.279320 11.958523 -43.792496
v -73.279320 11.958523 -44.404675
v -73.279320 11.958523 -45.016853
v -73.279320 11.958523 -45.629032
v -73.279320 11.958523 -46.241211
v -73.279320 11.958523 -46.853394
v -73.279320 11.958523 -47.465569
v -73.279320 11.958523 -48.077751
v -73.279320 11.958523 -48.689930
v -73.279320 11.958523 -49.302109
v -73.279320 11.958523 -49.914284
v -72.667137 11.958523 -29.100201
v -72.667137 11.958523 -29.712379
v -72.667137 11.958523 -30.324558
v -72.667137 11.958523 -30.936737
v -72.667137 11.958523 -31.548916
v -72.667137 11.958523 -32.161095
v -72.667137 11.958523 -32.773273
v -72.667137 11.958523 -33.385452
v -72.667137 11.958523 -33.997631
v -72.667137 11.958523 -34.609810
v -72.667137 11.958523 -35.221989
v -72.667137 11.958523 -35.834167
v -72.667137 11.958523 -36.446350
v -72.667137 11.958523 -37.058529
v -72.667137 11.958523 -37.670708
v -72.667137 11.958523 -38.282887
v -72.667137 11.958523 -38.895065
v -72.667137 11.958523 -39.507244
v -72.667137 11.958523 -40.119423
v -72.667137 11.958523 -40.731602
v -72.667137 11.958523 -41.343781
v -72.667137 11.958523 -41.955959
v -72.667137 11.958523 -42.568138
v -72.667137 11.958523 -43.180317
v -72.667137 11.958523 -43.792496
v -72.667137 11.958523 -44.404675
v -72.667137 11.958523 -45.016853
v -72.667137 11.958523 -45.629032
v -72.667137 11.958523 -46.241211
v -72.667137 11.958523 -46.853394
v -72.667137 11.958523 -47.465569
v -72.667137 11.958523 -48.077751
v -72.667137 11.958523 -48.689930
v -72.667137 11.958523 -49.302109
v -72.667137 11.958523 -49.914284
v -72.054962 11.958523 -29.100201
v -72.054962 11.958523 -29.712379
v -72.054962 11.958523 -30.324558
v -72.054962 11.958523 -30.936737
v -72.054962 11.958523 -31.548916
v -72.054962 11.958523 -32.161095
v -72.054962 11.958523 -32.773273
v -72.054962 11.958523 -33.385452
v -72.054962 11.958523 -33.997631
v -72.054962 11.958523 -34.609810
v -72.054962 11.958523 -35.221989
v -72.054962 11.958523 -35.834167
v -72.054962 11.958523 -36.446350
v -72.054962 11.958523 -37.058529
v -72.054962 11.958523 -37.670708
v -72.054962 11.958523 -38.282887
v -72.054962 11.958523 -38.895065
v -72.054962 11.958523 -39.507244
v -72.054962 11.958523 -40.119423
v -72.054962 11.958523 -40.731602
v -72.054962 11.958523 -41.343781
v -72.054962 11.958523 -41.955959
v -72.054962 11.958523 -42.568138
v -72.054962 11.958523 -43.180317
v -72.054962 11.958523 -43.792496
v -72.054962 11.958523 -44.404675
v -72.054962 11.958523 -45.016853
v -72.054962 11.958523 -45.629032
v -72.054962 11.958523 -46.241211
v -72.054962 11.958523 -46.853394
v -72.054962 11.958523 -47.465569
v -72.054962 11.958523 -48.077751
v -72.054962 11.958523 -48.689930
v -72.054962 11.958523 -49.302109
v -72.054962 11.958523 -49.914284
v -82.354095 -0.259274 -44.991032
v -82.354095 11.945747 -44.991032
v -81.637794 -0.259274 -44.920483
v -81.637794 11.945747 -44.920483
v -80.949020 -0.259274 -44.711544
v -80.949020 11.945747 -44.711544
v -80.314240 -0.259274 -44.372250
v -80.314240 11.945747 -44.372250
v -79.757858 -0.259274 -43.915634
v -79.757858 11.945747 -43.915634
v -79.301239 -0.259274 -43.359245
v -79.301239 11.945747 -43.359245
v -78.961945 -0.259274 -42.724468
v -78.961945 11.945747 -42.724468
v -78.753006 -0.259274 -42.035694
v -78.753006 11.945747 -42.035694
v -78.682457 -0.259274 -41.319397
v -78.682457 11.945747 -41.319397
v -78.753006 -0.259274 -40.603096
v -78.753006 11.945747 -40.603096
v -78.961945 -0.259274 -39.914322
v -78.961945 11.945747 -39.914322
v -79.301239 -0.259274 -39.279541
v -79.301239 11.945747 -39.279541
v -79.757858 -0.259274 -38.723156
v -79.757858 11.945747 -38.723156
v -80.314240 -0.259274 -38.266541
v -80.314240 11.945747 -38.266541
v -80.949020 -0.259274 -37.927246
v -80.949020 11.945747 -37.927246
v -81.637794 -0.259274 -37.718307
v -81.637794 11.945747 -37.718307
v -82.354095 -0.259274 -37.647758
v -82.354095 11.945747 -37.647758
v -83.070396 -0.259274 -37.718307
v -83.070396 11.945747 -37.718307
v -83.759171 -0.259274 -37.927246
v -83.759171 11.945747 -37.927246
v -84.393944 -0.259274 -38.266541
v -84.393944 11.945747 -38.266541
v -84.950333 -0.259274 -38.723156
v -84.950333 11.945747 -38.723156
v -85.406952 -0.259274 -39.279541
v -85.406952 11.945747 -39.279541
v -85.746246 -0.259274 -39.914322
v -85.746246 11.945747 -39.914322
v -85.955185 -0.259274 -40.603096
v -85.955185 11.945747 -40.603096
v -86.025734 -0.259274 -41.319397
v -86.025734 11.945747 -41.319397
v -85.955185 -0.259274 -42.035694
v -85.955185 11.945747 -42.035694
v -85.746246 -0.259274 -42.724468
v -85.746246 11.945747 -42.724468
v -85.406952 -0.259274 -43.359245
v -85.406952 11.945747 -43.359245
v -84.950333 -0.259274 -43.915634
v -84.950333 11.945747 -43.915634
v -84.393944 -0.259274 -44.372250
v -84.393944 11.945747 -44.372250
v -83.759171 -0.259274 -44.711544
v -83.759171 11.945747 -44.711544
v -83.070396 -0.259274 -44.920483
v -83.070396 11.945747 -44.920483
v -82.354095 5.882335 -37.647758
v -82.354095 0.027170 -37.647758
v -80.949020 4.992393 -37.927246
v -80.949020 0.032144 -37.927246
v -79.757858 0.036362 -38.723156
v -84.393944 4.532448 -38.266541
v -84.393944 0.019947 -38.266541
v -83.070396 5.408320 -37.718307
v -83.070396 0.024632 -37.718307
v -81.637794 5.428648 -37.718307
v -81.637794 0.029705 -37.718307
v -80.314240 4.590343 -38.266541
v -80.314240 0.034392 -38.266541
v -84.950333 0.017978 -38.723156
v -83.759171 4.952518 -37.927246
v -83.759171 0.022194 -37.927246
v -79.945053 4.356500 -38.569530
v -84.752281 0.018680 -38.560619
v -84.743164 4.301350 -38.553139
v -84.752281 0.018680 -37.971943
v -84.743164 4.301350 -37.964462
v -79.757858 0.036362 -37.831875
v -79.945053 4.356500 -37.678249
v -82.322495 20.301796 -43.613010
v -78.120544 11.677691 -43.613010
v -82.322495 20.301796 -37.196289
v -78.120544 11.677691 -37.196289
v -78.120544 18.446621 -43.613010
v -78.120544 18.446621 -37.196289
v -82.200630 20.301794 -43.613010
v -86.402580 11.677691 -43.613010
v -82.200630 20.301794 -37.196289
v -86.402580 11.677691 -37.196289
v -86.402580 18.446621 -43.613010
v -86.402580 18.446621 -37.196289
v -88.120956 11.677691 -37.196289
v -88.120956 18.446621 -37.196289
v -78.120544 21.328106 -37.196289
v -88.120956 21.328106 -37.196289
v -78.120544 18.446621 -50.499851
v -78.120544 11.677691 -50.499851
v -82.322495 20.301796 -50.499851
v -86.402580 11.677691 -50.471909
v -86.402580 18.446621 -50.471909
v -82.200630 20.301794 -50.471909
v -76.915222 11.677691 -50.471909
v -76.915222 18.446621 -50.471909
v -86.402580 20.611355 -50.471909
v -76.915222 20.611353 -50.471909
v -79.926117 12.197918 -50.471909
v -79.952583 16.314377 -50.471909
v -82.215988 17.955666 -50.471909
v -84.757332 16.420265 -50.471909
v -84.757332 12.171445 -50.471909
v -84.602875 12.115582 -50.295013
v -84.602875 16.171906 -50.295013
v -84.602875 12.115582 -50.842041
v -84.602875 16.171906 -50.842041
v -82.599442 12.115582 -50.295013
v -82.599442 17.561237 -50.295013
v -82.599442 12.115582 -50.842041
v -82.599442 17.561237 -50.842041
v -84.880737 12.121312 -50.295013
v -84.880737 16.600943 -50.295013
v -84.880737 16.600943 -50.842041
v -84.880737 12.121312 -50.842041
v -82.321579 12.121312 -50.842041
v -82.321579 18.375654 -50.842041
v -82.321579 18.375654 -50.295013
v -82.321579 12.121312 -50.295013
v -84.602875 16.171906 -50.308941
v -82.599442 17.561237 -50.308941
v -82.599442 12.115582 -50.308941
v -84.602875 12.115582 -50.308941
v -82.321579 17.529629 -50.295013
v -82.321579 17.544647 -50.842041
v -82.321678 17.533627 -50.842041
v -82.321678 17.533627 -50.308941
v -84.880737 12.207619 -50.842041
v -84.880737 12.207619 -50.295013
v -82.321579 12.207619 -50.842041
v -82.321579 12.207619 -50.295013
v -80.068695 12.115582 -50.295013
v -80.068695 16.171906 -50.295013
v -80.068695 12.115582 -50.842041
v -80.068695 16.171906 -50.842041
v -82.072128 12.115582 -50.295013
v -82.072128 17.561237 -50.295013
v -82.072128 12.115582 -50.842041
v -82.072128 17.561237 -50.842041
v -79.790840 12.121312 -50.295013
v -79.790840 16.600943 -50.295013
v -79.790840 16.600943 -50.842041
v -79.790840 12.121312 -50.842041
v -82.349991 12.121312 -50.842041
v -82.349991 18.375654 -50.842041
v -82.349991 18.375654 -50.295013
v -82.349991 12.121312 -50.295013
v -80.068695 16.171906 -50.308941
v -82.072128 17.561237 -50.308941
v -82.072128 12.115582 -50.308941
v -80.068695 12.115582 -50.308941
v -82.349991 17.529629 -50.295013
v -82.349991 17.544647 -50.842041
v -82.349899 17.533627 -50.842041
v -82.349899 17.533627 -50.308941
v -79.790840 12.207619 -50.842041
v -79.790840 12.207619 -50.295013
v -82.349991 12.207619 -50.842041
v -82.349991 12.207619 -50.295013
vn -0.0000 -1.0000 -0.0000
vn -0.0980 -0.0000 -0.9952
vn -0.2903 -0.0000 -0.9569
vn 0.9808 -0.0000 -0.1951
vn -0.4714 -0.0000 -0.8819
vn -0.0000 1.0000 -0.0000
vn -0.7071 -0.0000 0.7071
vn -0.6344 -0.0000 -0.7730
vn -0.7730 -0.0000 -0.6344
vn -0.8819 -0.0000 -0.4714
vn 0.1951 -0.0000 -0.9808
vn -0.9569 -0.0000 -0.2903
vn -0.9952 -0.0000 -0.0980
vn -0.9952 -0.0000 0.0980
vn -0.1951 -0.0000 0.9808
vn -0.9569 -0.0000 0.2903
vn -0.8819 -0.0000 0.4714
vn 0.3827 -0.0000 0.9239
vn -0.7730 -0.0000 0.6344
vn -0.6344 -0.0000 0.7730
vn 0.8315 -0.0000 0.5556
vn -0.4714 -0.0000 0.8819
vn -0.2903 -0.0000 0.9569
vn -0.0980 -0.0000 0.9952
vn 0.0980 -0.0000 0.9952
vn 0.2903 -0.0000 0.9569
vn 0.8315 -0.0000 -0.5556
vn 0.4714 -0.0000 0.8819
vn 0.6344 -0.0000 0.7730
vn 0.7730 -0.0000 0.6344
vn 0.3827 -0.0000 -0.9239
vn 0.8819 -0.0000 0.4714
vn -0.0000 -0.0000 1.0000
vn 0.9569 -0.0000 0.2903
vn 0.9952 -0.0000 0.0980
vn 0.9952 -0.0000 -0.0980
vn 0.9569 -0.0000 -0.2903
vn -0.1951 -0.0000 -0.9808
vn 0.8819 -0.0000 -0.4714
vn 0.7730 -0.0000 -0.6344
vn 0.6344 -0.0000 -0.7730
vn -0.9239 -0.0000 -0.3827
vn 0.4714 -0.0000 -0.8819
vn 0.2903 -0.0000 -0.9569
vn 0.0980 -0.0000 -0.9952
vn -0.0000 -0.0000 -1.0000
vn -0.5556 -0.0000 -0.8315
vn 0.5556 -0.0000 0.8315
vn 0.9239 -0.0000 0.3827
vn -0.9808 -0.0000 0.1951
vn 0.7071 -0.0000 -0.7071
vn -0.3827 -0.0000 -0.9239
vn -0.8315 -0.0000 -0.5556
vn 1.0000 -0.0000 -0.0000
vn -1.0000 -0.0000 -0.0000
vn -0.8315 -0.0000 0.5556
vn -0.3827 -0.0000 0.9239
vn 0.1951 -0.0000 0.9808
vn 0.6032 0.7976 -0.0000
vn -0.6032 0.7976 -0.0000
vn 0.5699 -0.8217 -0.0000
vn -0.5699 0.8217 -0.0000
vn -0.0000 -0.0002 1.0000
vn -0.0000 0.0002 -1.0000
vn -0.0989 -0.9951 -0.0000
vn -0.5699 -0.8217 -0.0000
vn 0.5699 0.8217 -0.0000
vn -0.0000 0.0001 -1.0000
vn 0.0989 -0.9951 -0.0000
vn 0.1130 -0.9936 -0.0000
vn -0.0000 -0.0001 1.0000
vn -0.1130 -0.9936 -0.0000
vn 0.0989 0.9951 -0.0000
vn 0.0206 -0.9998 -0.0000
vn -0.0989 0.9951 -0.0000
vn 0.1130 0.9936 -0.0000
vn -0.0206 -0.9998 -0.0000
vn -0.1130 0.9936 -0.0000
vn 0.0206 0.9998 -0.0000
vn -0.0206 0.9998 -0.0000
vn 0.5556 -0.0000 -0.8315
vn 0.7071 -0.0000 0.7071
vn -0.9239 -0.0000 0.3827
vn -0.7071 -0.0000 -0.7071
vn -0.9808 -0.0000 -0.1951
vn 0.9808 -0.0000 0.1951
vn 0.9239 -0.0000 -0.3827
vn -0.5556 -0.0000 0.8315
vn -1.0000 0.0021 -0.0000
vn 0.9991 0.0433 -0.0000
vn 0.0166 0.9999 -0.0048
vn -0.0110 0.9999 -0.0026
vn 0.4039 0.9148 -0.0000
vn -0.4039 0.9148 -0.0000
vn -0.0000 0.0002 1.0000
vt 0.750000 0.490000
vt 0.796822 0.485388
vt 0.841844 0.471731
vt 0.883337 0.449553
vt 0.919706 0.419706
vt 0.949553 0.383337
vt 0.971731 0.341844
vt 0.985388 0.296822
vt 0.990000 0.250000
vt 0.985388 0.203178
vt 0.971731 0.158156
vt 0.949553 0.116663
vt 0.919706 0.080294
vt 0.883337 0.050447
vt 0.841844 0.028269
vt 0.796822 0.014612
vt 0.750000 0.010000
vt 0.703178 0.014612
vt 0.658156 0.028269
vt 0.616663 0.050447
vt 0.580294 0.080294
vt 0.550447 0.116663
vt 0.528269 0.158156
vt 0.514612 0.203178
vt 0.510000 0.250000
vt 0.514612 0.296822
vt 0.528269 0.341844
vt 0.550447 0.383337
vt 0.580294 0.419706
vt 0.616663 0.449553
vt 0.658156 0.471731
vt 0.703178 0.485388
vt 0.031250 0.500000
vt 0.031250 0.513889
vt 0.000000 0.513889
vt 0.000000 0.500000
vt 0.031250 0.527778
vt 0.000000 0.527778
vt 0.031250 0.541667
vt 0.000000 0.541667
vt 0.968750 0.541667
vt 1.000000 0.541667
vt 0.031250 0.555556
vt 0.031250 0.569445
vt 0.000000 0.569444
vt 0.000000 0.555556
vt 0.031250 0.583333
vt 0.000000 0.583333
vt 0.031250 0.597222
vt 0.000000 0.597222
vt 0.031250 0.611111
vt 0.000000 0.611111
vt 0.031250 0.625000
vt 0.000000 0.625000
vt 0.031250 0.638889
vt 0.000000 0.638889
vt 0.031250 0.652778
vt 0.000000 0.652778
vt 0.031250 0.666667
vt 0.000000 0.666667
vt 0.062500 0.500000
vt 0.062500 0.513889
vt 0.062500 0.527778
vt 0.062500 0.541667
vt 0.968750 0.555556
vt 0.062500 0.555556
vt 0.062500 0.569445
vt 0.062500 0.583333
vt 0.062500 0.597222
vt 0.062500 0.611111
vt 0.062500 0.625000
vt 0.062500 0.638889
vt 0.062500 0.652778
vt 0.062500 0.666667
vt 0.093750 0.500000
vt 0.093750 0.513889
vt 0.093750 0.527778
vt 0.093750 0.541667
vt 0.187500 0.555556
vt 0.187500 0.569445
vt 0.093750 0.569445
vt 0.093750 0.583333
vt 0.093750 0.597222
vt 0.093750 0.611111
vt 0.093750 0.625000
vt 0.093750 0.638889
vt 0.093750 0.652778
vt 0.093750 0.666667
vt 0.125000 0.500000
vt 0.125000 0.513889
vt 0.125000 0.527778
vt 0.125000 0.541667
vt 0.125000 0.555556
vt 0.093750 0.555556
vt 0.156250 0.555556
vt 0.125000 0.569445
vt 0.125000 0.583333
vt 0.125000 0.597222
vt 0.125000 0.611111
vt 0.125000 0.625000
vt 0.125000 0.638889
vt 0.125000 0.652778
vt 0.125000 0.666667
vt 0.156250 0.500000
vt 0.156250 0.513889
vt 0.156250 0.527778
vt 0.156250 0.541667
vt 0.156250 0.569445
vt 0.156250 0.583333
vt 0.156250 0.597222
vt 0.156250 0.611111
vt 0.156250 0.625000
vt 0.156250 0.638889
vt 0.156250 0.652778
vt 0.156250 0.666667
vt 0.187500 0.500000
vt 0.187500 0.513889
vt 0.187500 0.527778
vt 0.187500 0.541667
vt 0.187500 0.583333
vt 0.187500 0.597222
vt 0.187500 0.611111
vt 0.187500 0.625000
vt 0.187500 0.638889
vt 0.187500 0.652778
vt 0.187500 0.666667
vt 0.218750 0.500000
vt 0.218750 0.513889
vt 0.218750 0.527778
vt 0.218750 0.541667
vt 0.218750 0.555556
vt 0.218750 0.569445
vt 0.218750 0.583333
vt 0.218750 0.597222
vt 0.218750 0.611111
vt 0.218750 0.625000
vt 0.218750 0.638889
vt 0.218750 0.652778
vt 0.218750 0.666667
vt 0.250000 0.500000
vt 0.250000 0.513889
vt 0.250000 0.527778
vt 0.250000 0.541667
vt 0.250000 0.555556
vt 0.250000 0.569445
vt 0.250000 0.583333
vt 0.250000 0.597222
vt 0.250000 0.611111
vt 0.250000 0.625000
vt 0.250000 0.638889
vt 0.250000 0.652778
vt 0.250000 0.666667
vt 0.281250 0.500000
vt 0.281250 0.513889
vt 0.281250 0.527778
vt 0.281250 0.541667
vt 0.281250 0.555556
vt 0.281250 0.569445
vt 0.281250 0.583333
vt 0.312500 0.583333
vt 0.281250 0.597222
vt 0.281250 0.611111
vt 0.281250 0.625000
vt 0.281250 0.638889
vt 0.281250 0.652778
vt 0.281250 0.666667
vt 0.312500 0.500000
vt 0.312500 0.513889
vt 0.312500 0.527778
vt 0.312500 0.541667
vt 0.312500 0.555556
vt 0.312500 0.569445
vt 0.312500 0.597222
vt 0.312500 0.611111
vt 0.312500 0.625000
vt 0.312500 0.638889
vt 0.312500 0.652778
vt 0.312500 0.666667
vt 0.343750 0.500000
vt 0.343750 0.513889
vt 0.343750 0.527778
vt 0.343750 0.541667
vt 0.343750 0.555556
vt 0.343750 0.569445
vt 0.343750 0.583333
vt 0.375000 0.583333
vt 0.375000 0.597222
vt 0.343750 0.597222
vt 0.343750 0.611111
vt 0.343750 0.625000
vt 0.343750 0.638889
vt 0.343750 0.652778
vt 0.343750 0.666667
vt 0.375000 0.500000
vt 0.375000 0.513889
vt 0.375000 0.527778
vt 0.375000 0.541667
vt 0.375000 0.555556
vt 0.375000 0.569445
vt 0.406250 0.597222
vt 0.437500 0.597222
vt 0.375000 0.611111
vt 0.375000 0.625000
vt 0.375000 0.638889
vt 0.375000 0.652778
vt 0.375000 0.666667
vt 0.406250 0.500000
vt 0.406250 0.513889
vt 0.406250 0.527778
vt 0.406250 0.541667
vt 0.406250 0.555556
vt 0.406250 0.569445
vt 0.406250 0.583333
vt 0.468750 0.597222
vt 0.468750 0.611111
vt 0.406250 0.611111
vt 0.406250 0.625000
vt 0.406250 0.638889
vt 0.406250 0.652778
vt 0.406250 0.666667
vt 0.437500 0.500000
vt 0.437500 0.513889
vt 0.437500 0.527778
vt 0.437500 0.541667
vt 0.437500 0.555556
vt 0.437500 0.569445
vt 0.437500 0.583333
vt 0.437500 0.611111
vt 0.437500 0.625000
vt 0.437500 0.638889
vt 0.437500 0.652778
vt 0.437500 0.666667
vt 0.468750 0.500000
vt 0.468750 0.513889
vt 0.468750 0.527778
vt 0.468750 0.541667
vt 0.468750 0.555556
vt 0.468750 0.569445
vt 0.468750 0.583333
vt 0.500000 0.625000
vt 0.468750 0.625000
vt 0.468750 0.638889
vt 0.468750 0.652778
vt 0.468750 0.666667
vt 0.500000 0.500000
vt 0.500000 0.513889
vt 0.500000 0.527778
vt 0.500000 0.541667
vt 0.500000 0.555556
vt 0.500000 0.569445
vt 0.500000 0.583333
vt 0.500000 0.597222
vt 0.500000 0.611111
vt 0.531250 0.611111
vt 0.500000 0.638889
vt 0.500000 0.652778
vt 0.500000 0.666667
vt 0.531250 0.500000
vt 0.531250 0.513889
vt 0.531250 0.527778
vt 0.531250 0.541667
vt 0.531250 0.555556
vt 0.531250 0.569445
vt 0.531250 0.583333
vt 0.531250 0.597222
vt 0.531250 0.625000
vt 0.531250 0.638889
vt 0.531250 0.652778
vt 0.531250 0.666667
vt 0.562500 0.500000
vt 0.562500 0.513889
vt 0.562500 0.527778
vt 0.562500 0.541667
vt 0.562500 0.555556
vt 0.562500 0.569445
vt 0.562500 0.583333
vt 0.562500 0.597222
vt 0.562500 0.611111
vt 0.656250 0.625000
vt 0.656250 0.638889
vt 0.562500 0.638889
vt 0.562500 0.652778
vt 0.562500 0.666667
vt 0.593750 0.500000
vt 0.593750 0.513889
vt 0.593750 0.527778
vt 0.593750 0.541667
vt 0.593750 0.555556
vt 0.593750 0.569445
vt 0.593750 0.583333
vt 0.593750 0.597222
vt 0.593750 0.611111
vt 0.593750 0.625000
vt 0.562500 0.625000
vt 0.593750 0.638889
vt 0.593750 0.652778
vt 0.593750 0.666667
vt 0.625000 0.500000
vt 0.625000 0.513889
vt 0.625000 0.527778
vt 0.625000 0.541667
vt 0.625000 0.555556
vt 0.625000 0.569445
vt 0.625000 0.583333
vt 0.625000 0.597222
vt 0.625000 0.611111
vt 0.625000 0.625000
vt 0.625000 0.638889
vt 0.625000 0.652778
vt 0.625000 0.666667
vt 0.656250 0.500000
vt 0.656250 0.513889
vt 0.656250 0.527778
vt 0.656250 0.541667
vt 0.656250 0.555556
vt 0.656250 0.569445
vt 0.656250 0.583333
vt 0.656250 0.597222
vt 0.656250 0.611111
vt 0.750000 0.638889
vt 0.750000 0.652778
vt 0.656250 0.652778
vt 0.656250 0.666667
vt 0.687500 0.500000
vt 0.687500 0.513889
vt 0.687500 0.527778
vt 0.687500 0.541667
vt 0.687500 0.555556
vt 0.687500 0.569445
vt 0.687500 0.583333
vt 0.687500 0.597222
vt 0.687500 0.611111
vt 0.687500 0.625000
vt 0.687500 0.638889
vt 0.687500 0.652778
vt 0.687500 0.666667
vt 0.718750 0.513889
vt 0.718750 0.527778
vt 0.718750 0.541667
vt 0.718750 0.555556
vt 0.718750 0.569445
vt 0.718750 0.583333
vt 0.718750 0.597222
vt 0.718750 0.611111
vt 0.718750 0.625000
vt 0.718750 0.638889
vt 0.718750 0.652778
vt 0.718750 0.666667
vt 0.750000 0.513889
vt 0.750000 0.527778
vt 0.750000 0.541667
vt 0.750000 0.555556
vt 0.750000 0.569445
vt 0.750000 0.583333
vt 0.750000 0.597222
vt 0.750000 0.611111
vt 0.750000 0.625000
vt 0.781250 0.652778
vt 0.812500 0.513889
vt 0.781250 0.513889
vt 0.781250 0.527778
vt 0.781250 0.541667
vt 0.781250 0.555556
vt 0.781250 0.569445
vt 0.781250 0.583333
vt 0.781250 0.597222
vt 0.781250 0.611111
vt 0.781250 0.625000
vt 0.781250 0.638889
vt 0.843750 0.666667
vt 0.812500 0.666667
vt 0.843750 0.527778
vt 0.812500 0.527778
vt 0.812500 0.541667
vt 0.812500 0.555556
vt 0.812500 0.569445
vt 0.812500 0.583333
vt 0.812500 0.597222
vt 0.812500 0.611111
vt 0.812500 0.625000
vt 0.812500 0.638889
vt 0.812500 0.652778
vt 0.843750 0.652778
vt 0.843750 0.500000
vt 0.843750 0.513889
vt 0.812500 0.500000
vt 0.843750 0.541667
vt 0.843750 0.555556
vt 0.843750 0.569445
vt 0.843750 0.583333
vt 0.843750 0.597222
vt 0.843750 0.611111
vt 0.843750 0.625000
vt 0.843750 0.638889
vt 0.875000 0.500000
vt 0.875000 0.513889
vt 0.875000 0.527778
vt 0.875000 0.541667
vt 0.875000 0.555556
vt 0.875000 0.569445
vt 0.875000 0.583333
vt 0.875000 0.597222
vt 0.875000 0.611111
vt 0.875000 0.625000
vt 0.875000 0.638889
vt 0.875000 0.652778
vt 0.875000 0.666667
vt 0.906250 0.500000
vt 0.906250 0.513889
vt 0.906250 0.527778
vt 0.906250 0.541667
vt 0.906250 0.555556
vt 0.906250 0.569445
vt 0.906250 0.583333
vt 0.906250 0.597222
vt 0.906250 0.611111
vt 0.906250 0.625000
vt 0.906250 0.638889
vt 0.906250 0.652778
vt 0.906250 0.666667
vt 0.937500 0.500000
vt 0.937500 0.513889
vt 0.937500 0.527778
vt 0.937500 0.541667
vt 0.937500 0.555556
vt 0.937500 0.569445
vt 0.937500 0.583333
vt 0.937500 0.597222
vt 0.937500 0.611111
vt 0.937500 0.625000
vt 0.937500 0.638889
vt 0.937500 0.652778
vt 0.937500 0.666667
vt 0.968750 0.500000
vt 0.968750 0.513889
vt 0.968750 0.527778
vt 0.968750 0.569445
vt 0.968750 0.583333
vt 0.968750 0.597222
vt 0.968750 0.611111
vt 0.968750 0.625000
vt 0.968750 0.638889
vt 0.968750 0.652778
vt 0.968750 0.666667
vt 1.000000 0.500000
vt 1.000000 0.513889
vt 1.000000 0.527778
vt 1.000000 0.555556
vt 1.000000 0.569444
vt 1.000000 0.583333
vt 1.000000 0.597222
vt 1.000000 0.611111
vt 1.000000 0.625000
vt 1.000000 0.638889
vt 1.000000 0.652778
vt 1.000000 0.666667
vt 0.718750 0.500000
vt 0.750000 0.500000
vt 0.781250 0.500000
vt 0.750000 0.666667
vt 0.781250 0.666667
vt 0.000000 0.000000
vt 1.000000 0.000000
vt 1.000000 1.000000
vt 0.000000 1.000000
vt 0.215115 0.000000
vt 0.215115 1.000000
vt 0.375000 0.000000
vt 0.625000 0.000000
vt 0.625000 0.250000
vt 0.375000 0.250000
vt 0.608854 0.277144
vt 0.611003 0.472856
vt 0.611003 0.472856
vt 0.375000 0.750000
vt 0.375000 1.000000
vt 0.875000 0.750000
vt 0.625000 0.750000
vt 0.389297 0.972856
vt 0.608854 0.972856
vt 0.625000 1.000000
vt 0.389297 0.277144
vt 0.387218 0.472856
vt 0.611003 0.777144
vt 0.592444 0.750000
vt 0.387218 0.777144
vt 0.389297 0.277144
vt 0.591783 0.500000
vt 0.125000 0.750000
vt 0.972222 0.972222
vt 1.000000 0.972222
vt 0.972222 1.000000
vt 0.000000 0.972222
vt 0.027778 0.972222
vt 0.027778 1.000000
vt 0.055556 0.972222
vt 0.055556 1.000000
vt 0.083333 0.972222
vt 0.083333 1.000000
vt 0.111111 0.972222
vt 0.111111 1.000000
vt 0.138889 0.972222
vt 0.138889 1.000000
vt 0.166667 0.972222
vt 0.166667 1.000000
vt 0.194444 0.972222
vt 0.194444 1.000000
vt 0.222222 0.972222
vt 0.222222 1.000000
vt 0.250000 0.972222
vt 0.250000 1.000000
vt 0.277778 0.972222
vt 0.277778 1.000000
vt 0.305556 0.972222
vt 0.305556 1.000000
vt 0.333333 0.972222
vt 0.333333 1.000000
vt 0.361111 0.972222
vt 0.361111 1.000000
vt 0.388889 0.972222
vt 0.388889 1.000000
vt 0.416667 0.972222
vt 0.416667 1.000000
vt 0.444444 0.972222
vt 0.444444 1.000000
vt 0.472222 0.972222
vt 0.472222 1.000000
vt 0.500000 0.972222
vt 0.500000 1.000000
vt 0.527778 0.972222
vt 0.527778 1.000000
vt 0.555555 0.972222
vt 0.555555 1.000000
vt 0.583333 0.972222
vt 0.583333 1.000000
vt 0.611111 0.972222
vt 0.611111 1.000000
vt 0.638889 0.972222
vt 0.638889 1.000000
vt 0.666667 0.972222
vt 0.666667 1.000000
vt 0.694444 0.972222
vt 0.694444 1.000000
vt 0.722222 0.972222
vt 0.722222 1.000000
vt 0.750000 0.972222
vt 0.750000 1.000000
vt 0.777778 0.972222
vt 0.777778 1.000000
vt 0.805556 0.972222
vt 0.805556 1.000000
vt 0.833333 0.972222
vt 0.833333 1.000000
vt 0.861111 0.972222
vt 0.861111 1.000000
vt 0.888889 0.972222
vt 0.888889 1.000000
vt 0.916667 0.972222
vt 0.916667 1.000000
vt 0.944444 0.972222
vt 0.944444 1.000000
vt 0.944444 0.000000
vt 0.972222 0.000000
vt 0.972222 0.027778
vt 0.944444 0.027778
vt 0.972222 0.055556
vt 0.944444 0.055556
vt 0.972222 0.083333
vt 0.944444 0.083333
vt 0.972222 0.111111
vt 0.944444 0.111111
vt 0.972222 0.138889
vt 0.944444 0.138889
vt 0.972222 0.166667
vt 0.944445 0.166667
vt 0.972222 0.194444
vt 0.944445 0.194444
vt 0.972222 0.222222
vt 0.944444 0.222222
vt 0.972222 0.250000
vt 0.944444 0.250000
vt 0.972222 0.277778
vt 0.944444 0.277778
vt 0.972222 0.305556
vt 0.944444 0.305556
vt 0.972222 0.333333
vt 0.944444 0.333333
vt 0.972222 0.361111
vt 0.944444 0.361111
vt 0.972222 0.388889
vt 0.944444 0.388889
vt 0.972222 0.416667
vt 0.944444 0.416667
vt 0.972222 0.444444
vt 0.944444 0.444444
vt 0.972222 0.472222
vt 0.944444 0.472222
vt 0.972222 0.500000
vt 0.944444 0.500000
vt 0.972222 0.527778
vt 0.944444 0.527778
vt 0.972222 0.555556
vt 0.944444 0.555556
vt 0.972222 0.583333
vt 0.944444 0.583333
vt 0.972222 0.611111
vt 0.944444 0.611111
vt 0.972222 0.638889
vt 0.944444 0.638889
vt 0.972222 0.666667
vt 0.944444 0.666667
vt 0.972222 0.694445
vt 0.944444 0.694445
vt 0.972222 0.722222
vt 0.944444 0.722222
vt 0.972222 0.750000
vt 0.944444 0.750000
vt 0.972222 0.777778
vt 0.944444 0.777778
vt 0.972222 0.805556
vt 0.944444 0.805556
vt 0.972222 0.833333
vt 0.944444 0.833333
vt 0.972222 0.861111
vt 0.944444 0.861111
vt 0.972222 0.888889
vt 0.944444 0.888889
vt 0.972222 0.916667
vt 0.944444 0.916667
vt 0.972222 0.944444
vt 0.944444 0.944444
vt 0.916667 0.000000
vt 0.916667 0.027778
vt 0.916667 0.055556
vt 0.916667 0.083333
vt 0.916667 0.111111
vt 0.916667 0.138889
vt 0.916667 0.166667
vt 0.916667 0.194444
vt 0.916667 0.222222
vt 0.916667 0.250000
vt 0.916667 0.277778
vt 0.916667 0.305556
vt 0.916667 0.333333
vt 0.916667 0.361111
vt 0.916667 0.388889
vt 0.916667 0.416667
vt 0.916667 0.444444
vt 0.916667 0.472222
vt 0.916667 0.500000
vt 0.916667 0.527778
vt 0.916667 0.555556
vt 0.916667 0.583333
vt 0.916667 0.611111
vt 0.916667 0.638889
vt 0.916667 0.666667
vt 0.916667 0.694445
vt 0.916667 0.722222
vt 0.916667 0.750000
vt 0.916667 0.777778
vt 0.916667 0.805556
vt 0.916667 0.833333
vt 0.916667 0.861111
vt 0.916667 0.888889
vt 0.916667 0.916667
vt 0.916667 0.944444
vt 0.888889 0.000000
vt 0.888889 0.027778
vt 0.888889 0.055556
vt 0.888889 0.083333
vt 0.888889 0.111111
vt 0.888889 0.138889
vt 0.888889 0.166667
vt 0.888889 0.194444
vt 0.888889 0.222222
vt 0.888889 0.250000
vt 0.888889 0.277778
vt 0.888889 0.305556
vt 0.888889 0.333333
vt 0.888889 0.361111
vt 0.888889 0.388889
vt 0.888889 0.416667
vt 0.888889 0.444444
vt 0.888889 0.472222
vt 0.888889 0.500000
vt 0.888889 0.527778
vt 0.888889 0.555556
vt 0.888889 0.583333
vt 0.888889 0.611111
vt 0.888889 0.638889
vt 0.888889 0.666667
vt 0.888889 0.694445
vt 0.888889 0.722222
vt 0.888889 0.750000
vt 0.888889 0.777778
vt 0.888889 0.805556
vt 0.888889 0.833333
vt 0.888889 0.861111
vt 0.888889 0.888889
vt 0.888889 0.916667
vt 0.888889 0.944444
vt 0.861111 0.000000
vt 0.861111 0.027778
vt 0.861111 0.055556
vt 0.861111 0.083333
vt 0.861111 0.111111
vt 0.861111 0.138889
vt 0.861111 0.166667
vt 0.861111 0.194444
vt 0.861111 0.222222
vt 0.861111 0.250000
vt 0.861111 0.277778
vt 0.861111 0.305556
vt 0.861111 0.333333
vt 0.861111 0.361111
vt 0.861111 0.388889
vt 0.861111 0.416667
vt 0.861111 0.444444
vt 0.861111 0.472222
vt 0.861111 0.500000
vt 0.861111 0.527778
vt 0.861111 0.555556
vt 0.861111 0.583333
vt 0.861111 0.611111
vt 0.861111 0.638889
vt 0.861111 0.666667
vt 0.861111 0.694445
vt 0.861111 0.722222
vt 0.861111 0.750000
vt 0.861111 0.777778
vt 0.861111 0.805556
vt 0.861111 0.833333
vt 0.861111 0.861111
vt 0.861111 0.888889
vt 0.861111 0.916667
vt 0.861111 0.944444
vt 0.833333 0.000000
vt 0.833333 0.027778
vt 0.833333 0.055556
vt 0.833333 0.083333
vt 0.833333 0.111111
vt 0.833333 0.138889
vt 0.833333 0.166667
vt 0.833333 0.194444
vt 0.833333 0.222222
vt 0.833333 0.250000
vt 0.833333 0.277778
vt 0.833333 0.305556
vt 0.833333 0.333333
vt 0.833333 0.361111
vt 0.833333 0.388889
vt 0.833333 0.416667
vt 0.833333 0.444444
vt 0.833333 0.472222
vt 0.833333 0.500000
vt 0.833333 0.527778
vt 0.833333 0.555556
vt 0.833333 0.583333
vt 0.833333 0.611111
vt 0.833333 0.638889
vt 0.833333 0.666667
vt 0.833333 0.694445
vt 0.833333 0.722222
vt 0.833333 0.750000
vt 0.833333 0.777778
vt 0.833333 0.805556
vt 0.833333 0.833333
vt 0.833333 0.861111
vt 0.833333 0.888889
vt 0.833333 0.916667
vt 0.833333 0.944444
vt 0.805556 0.000000
vt 0.805556 0.027778
vt 0.805556 0.055556
vt 0.805556 0.083333
vt 0.805556 0.111111
vt 0.805556 0.138889
vt 0.805556 0.166667
vt 0.805556 0.194444
vt 0.805556 0.222222
vt 0.805556 0.250000
vt 0.805556 0.277778
vt 0.805556 0.305556
vt 0.805556 0.333333
vt 0.805556 0.361111
vt 0.805556 0.388889
vt 0.805556 0.416667
vt 0.805556 0.444444
vt 0.805556 0.472222
vt 0.805556 0.500000
vt 0.805556 0.527778
vt 0.805556 0.555556
vt 0.805556 0.583333
vt 0.805556 0.611111
vt 0.805556 0.638889
vt 0.805556 0.666667
vt 0.805556 0.694445
vt 0.805556 0.722222
vt 0.805556 0.750000
vt 0.805556 0.777778
vt 0.805556 0.805556
vt 0.805556 0.833333
vt 0.805556 0.861111
vt 0.805556 0.888889
vt 0.805556 0.916667
vt 0.805556 0.944444
vt 0.777778 0.000000
vt 0.777778 0.027778
vt 0.777778 0.055556
vt 0.777778 0.083333
vt 0.777778 0.111111
vt 0.777778 0.138889
vt 0.777778 0.166667
vt 0.777778 0.194444
vt 0.777778 0.222222
vt 0.777778 0.250000
vt 0.777778 0.277778
vt 0.777778 0.305556
vt 0.777778 0.333333
vt 0.777778 0.361111
vt 0.777778 0.388889
vt 0.777778 0.416667
vt 0.777778 0.444444
vt 0.777778 0.472222
vt 0.777778 0.500000
vt 0.777778 0.527778
vt 0.777778 0.555556
vt 0.777778 0.583333
vt 0.777778 0.611111
vt 0.777778 0.638889
vt 0.777778 0.666667
vt 0.777778 0.694445
vt 0.777778 0.722222
vt 0.777778 0.750000
vt 0.777778 0.777778
vt 0.777778 0.805556
vt 0.777778 0.833333
vt 0.777778 0.861111
vt 0.777778 0.888889
vt 0.777778 0.916667
vt 0.777778 0.944444
vt 0.750000 0.000000
vt 0.750000 0.027778
vt 0.750000 0.055556
vt 0.750000 0.083333
vt 0.750000 0.111111
vt 0.750000 0.138889
vt 0.750000 0.166667
vt 0.750000 0.194444
vt 0.750000 0.222222
vt 0.750000 0.250000
vt 0.750000 0.277778
vt 0.750000 0.305556
vt 0.750000 0.333333
vt 0.750000 0.361111
vt 0.750000 0.388889
vt 0.750000 0.416667
vt 0.750000 0.444444
vt 0.750000 0.472222
vt 0.750000 0.555556
vt 0.750000 0.583333
vt 0.750000 0.611111
vt 0.750000 0.638889
vt 0.750000 0.694445
vt 0.750000 0.722222
vt 0.750000 0.750000
vt 0.750000 0.777778
vt 0.750000 0.805556
vt 0.750000 0.833333
vt 0.750000 0.861111
vt 0.750000 0.888889
vt 0.750000 0.916667
vt 0.750000 0.944444
vt 0.722222 0.000000
vt 0.722222 0.027778
vt 0.722222 0.055556
vt 0.722222 0.083333
vt 0.722222 0.111111
vt 0.722222 0.138889
vt 0.722222 0.166667
vt 0.722222 0.194444
vt 0.722222 0.222222
vt 0.722222 0.250000
vt 0.722222 0.277778
vt 0.722222 0.305556
vt 0.722222 0.333333
vt 0.722222 0.361111
vt 0.722222 0.388889
vt 0.722222 0.416667
vt 0.722222 0.444444
vt 0.722222 0.472222
vt 0.722222 0.500000
vt 0.722222 0.527778
vt 0.722222 0.555556
vt 0.722222 0.583333
vt 0.722222 0.611111
vt 0.722222 0.638889
vt 0.722222 0.666667
vt 0.722222 0.694445
vt 0.722222 0.722222
vt 0.722222 0.750000
vt 0.722222 0.777778
vt 0.722222 0.805556
vt 0.722222 0.833333
vt 0.722222 0.861111
vt 0.722222 0.888889
vt 0.722222 0.916667
vt 0.722222 0.944444
vt 0.694445 0.000000
vt 0.694445 0.027778
vt 0.694445 0.055556
vt 0.694445 0.083333
vt 0.694445 0.111111
vt 0.694445 0.138889
vt 0.694445 0.166667
vt 0.694445 0.194444
vt 0.694444 0.222222
vt 0.694445 0.250000
vt 0.694445 0.277778
vt 0.694444 0.305556
vt 0.694444 0.333333
vt 0.694444 0.361111
vt 0.694444 0.388889
vt 0.694444 0.416667
vt 0.694444 0.444444
vt 0.694444 0.472222
vt 0.694444 0.500000
vt 0.694444 0.527778
vt 0.694444 0.555556
vt 0.694444 0.583333
vt 0.694444 0.611111
vt 0.694444 0.638889
vt 0.694444 0.666667
vt 0.694444 0.694445
vt 0.694444 0.722222
vt 0.694444 0.750000
vt 0.694444 0.777778
vt 0.694444 0.805556
vt 0.694444 0.833333
vt 0.694444 0.861111
vt 0.694444 0.888889
vt 0.694444 0.916667
vt 0.694444 0.944444
vt 0.666667 0.000000
vt 0.666667 0.027778
vt 0.666667 0.055556
vt 0.666667 0.083333
vt 0.666667 0.111111
vt 0.666667 0.138889
vt 0.666667 0.166667
vt 0.666667 0.194444
vt 0.666667 0.222222
vt 0.666667 0.250000
vt 0.666667 0.277778
vt 0.666667 0.305556
vt 0.666667 0.333333
vt 0.666667 0.361111
vt 0.666667 0.388889
vt 0.666667 0.416667
vt 0.666667 0.722222
vt 0.666667 0.750000
vt 0.666667 0.777778
vt 0.666667 0.805556
vt 0.666667 0.833333
vt 0.666667 0.861111
vt 0.666667 0.888889
vt 0.666667 0.916667
vt 0.666667 0.944444
vt 0.638889 0.000000
vt 0.638889 0.027778
vt 0.638889 0.055556
vt 0.638889 0.083333
vt 0.638889 0.111111
vt 0.638889 0.138889
vt 0.638889 0.166667
vt 0.638889 0.194444
vt 0.638889 0.222222
vt 0.638889 0.250000
vt 0.638889 0.277778
vt 0.638889 0.305556
vt 0.638889 0.333333
vt 0.638889 0.361111
vt 0.638889 0.388889
vt 0.638889 0.416667
vt 0.638889 0.722222
vt 0.638889 0.750000
vt 0.638889 0.777778
vt 0.638889 0.805556
vt 0.638889 0.833333
vt 0.638889 0.861111
vt 0.638889 0.888889
vt 0.638889 0.916667
vt 0.638889 0.944444
vt 0.611111 0.000000
vt 0.611111 0.027778
vt 0.611111 0.055556
vt 0.611111 0.083333
vt 0.611111 0.111111
vt 0.611111 0.138889
vt 0.611111 0.166667
vt 0.611111 0.194444
vt 0.611111 0.222222
vt 0.611111 0.250000
vt 0.611111 0.277778
vt 0.611111 0.305556
vt 0.611111 0.333333
vt 0.611111 0.361111
vt 0.611111 0.388889
vt 0.611111 0.416667
vt 0.611111 0.722222
vt 0.611111 0.750000
vt 0.611111 0.777778
vt 0.611111 0.805556
vt 0.611111 0.833333
vt 0.611111 0.861111
vt 0.611111 0.888889
vt 0.611111 0.916667
vt 0.611111 0.944444
vt 0.583333 0.000000
vt 0.583333 0.027778
vt 0.583333 0.055556
vt 0.583333 0.083333
vt 0.583333 0.111111
vt 0.583333 0.138889
vt 0.583333 0.166667
vt 0.583333 0.194444
vt 0.583333 0.222222
vt 0.583333 0.250000
vt 0.583333 0.277778
vt 0.583333 0.305556
vt 0.583333 0.333333
vt 0.583333 0.361111
vt 0.583333 0.388889
vt 0.583333 0.416667
vt 0.583333 0.722222
vt 0.583333 0.750000
vt 0.583333 0.777778
vt 0.583333 0.805556
vt 0.583333 0.833333
vt 0.583333 0.861111
vt 0.583333 0.888889
vt 0.583333 0.916667
vt 0.583333 0.944444
vt 0.555556 0.000000
vt 0.555556 0.027778
vt 0.555556 0.055556
vt 0.555556 0.083333
vt 0.555556 0.111111
vt 0.555556 0.138889
vt 0.555556 0.166667
vt 0.555556 0.194444
vt 0.555556 0.222222
vt 0.555556 0.250000
vt 0.555556 0.277778
vt 0.555556 0.305556
vt 0.555556 0.333333
vt 0.555555 0.361111
vt 0.555555 0.388889
vt 0.555555 0.416667
vt 0.555555 0.722222
vt 0.555555 0.750000
vt 0.555555 0.777778
vt 0.555555 0.805556
vt 0.555555 0.833333
vt 0.555555 0.861111
vt 0.555555 0.888889
vt 0.555555 0.916667
vt 0.555555 0.944444
vt 0.527778 0.000000
vt 0.527778 0.027778
vt 0.527778 0.055556
vt 0.527778 0.083333
vt 0.527778 0.111111
vt 0.527778 0.138889
vt 0.527778 0.166667
vt 0.527778 0.194444
vt 0.527778 0.222222
vt 0.527778 0.250000
vt 0.527778 0.277778
vt 0.527778 0.305556
vt 0.527778 0.333333
vt 0.527778 0.361111
vt 0.527778 0.388889
vt 0.527778 0.416667
vt 0.527778 0.722222
vt 0.527778 0.750000
vt 0.527778 0.777778
vt 0.527778 0.805556
vt 0.527778 0.833333
vt 0.527778 0.861111
vt 0.527778 0.888889
vt 0.527778 0.916667
vt 0.527778 0.944444
vt 0.500000 0.000000
vt 0.500000 0.027778
vt 0.500000 0.055556
vt 0.500000 0.083333
vt 0.500000 0.111111
vt 0.500000 0.138889
vt 0.500000 0.166667
vt 0.500000 0.194444
vt 0.500000 0.222222
vt 0.500000 0.250000
vt 0.500000 0.277778
vt 0.500000 0.305556
vt 0.500000 0.333333
vt 0.500000 0.361111
vt 0.500000 0.388889
vt 0.500000 0.416667
vt 0.500000 0.722222
vt 0.500000 0.750000
vt 0.500000 0.777778
vt 0.500000 0.805556
vt 0.500000 0.833333
vt 0.500000 0.861111
vt 0.500000 0.888889
vt 0.500000 0.916667
vt 0.500000 0.944444
vt 0.472222 0.000000
vt 0.472222 0.027778
vt 0.472222 0.055556
vt 0.472222 0.083333
vt 0.472222 0.111111
vt 0.472222 0.138889
vt 0.472222 0.166667
vt 0.472222 0.194444
vt 0.472222 0.222222
vt 0.472222 0.250000
vt 0.472222 0.277778
vt 0.472222 0.305556
vt 0.472222 0.333333
vt 0.472222 0.361111
vt 0.472222 0.388889
vt 0.472222 0.416667
vt 0.472222 0.722222
vt 0.472222 0.750000
vt 0.472222 0.777778
vt 0.472222 0.805556
vt 0.472222 0.833333
vt 0.472222 0.861111
vt 0.472222 0.888889
vt 0.472222 0.916667
vt 0.472222 0.944444
vt 0.444444 0.000000
vt 0.444444 0.027778
vt 0.444444 0.055556
vt 0.444444 0.083333
vt 0.444444 0.111111
vt 0.444444 0.138889
vt 0.444444 0.166667
vt 0.444444 0.194444
vt 0.444444 0.222222
vt 0.444444 0.250000
vt 0.444444 0.277778
vt 0.444444 0.305556
vt 0.444444 0.333333
vt 0.444444 0.361111
vt 0.444444 0.388889
vt 0.444444 0.416667
vt 0.444444 0.722222
vt 0.444444 0.750000
vt 0.444444 0.777778
vt 0.444444 0.805556
vt 0.444444 0.833333
vt 0.444444 0.861111
vt 0.444444 0.888889
vt 0.444444 0.916667
vt 0.444444 0.944444
vt 0.416667 0.000000
vt 0.416667 0.027778
vt 0.416667 0.055556
vt 0.416667 0.083333
vt 0.416667 0.111111
vt 0.416667 0.138889
vt 0.416667 0.166667
vt 0.416667 0.194444
vt 0.416667 0.222222
vt 0.416667 0.250000
vt 0.416667 0.277778
vt 0.416667 0.305556
vt 0.416667 0.333333
vt 0.416667 0.361111
vt 0.416667 0.388889
vt 0.416667 0.416667
vt 0.416667 0.722222
vt 0.416667 0.750000
vt 0.416667 0.777778
vt 0.416667 0.805556
vt 0.416667 0.833333
vt 0.416667 0.861111
vt 0.416667 0.888889
vt 0.416667 0.916667
vt 0.416667 0.944444
vt 0.388889 0.000000
vt 0.388889 0.027778
vt 0.388889 0.055556
vt 0.388889 0.083333
vt 0.388889 0.111111
vt 0.388889 0.138889
vt 0.388889 0.166667
vt 0.388889 0.194444
vt 0.388889 0.222222
vt 0.388889 0.250000
vt 0.388889 0.277778
vt 0.388889 0.305556
vt 0.388889 0.333333
vt 0.388889 0.361111
vt 0.388889 0.388889
vt 0.388889 0.416667
vt 0.388889 0.722222
vt 0.388889 0.750000
vt 0.388889 0.777778
vt 0.388889 0.805556
vt 0.388889 0.833333
vt 0.388889 0.861111
vt 0.388889 0.888889
vt 0.388889 0.916667
vt 0.388889 0.944444
vt 0.361111 0.000000
vt 0.361111 0.027778
vt 0.361111 0.055556
vt 0.361111 0.083333
vt 0.361111 0.111111
vt 0.361111 0.138889
vt 0.361111 0.166667
vt 0.361111 0.194444
vt 0.361111 0.222222
vt 0.361111 0.250000
vt 0.361111 0.277778
vt 0.361111 0.305556
vt 0.361111 0.333333
vt 0.361111 0.361111
vt 0.361111 0.388889
vt 0.361111 0.416667
vt 0.361111 0.722222
vt 0.361111 0.750000
vt 0.361111 0.777778
vt 0.361111 0.805556
vt 0.361111 0.833333
vt 0.361111 0.861111
vt 0.361111 0.888889
vt 0.361111 0.916667
vt 0.361111 0.944444
vt 0.333333 0.000000
vt 0.333333 0.027778
vt 0.333333 0.055556
vt 0.333333 0.083333
vt 0.333333 0.111111
vt 0.333333 0.138889
vt 0.333333 0.166667
vt 0.333333 0.194444
vt 0.333333 0.222222
vt 0.333333 0.250000
vt 0.333333 0.277778
vt 0.333333 0.305556
vt 0.333333 0.333333
vt 0.333333 0.361111
vt 0.333333 0.388889
vt 0.333333 0.416667
vt 0.333333 0.722222
vt 0.333333 0.750000
vt 0.333333 0.777778
vt 0.333333 0.805556
vt 0.333333 0.833333
vt 0.333333 0.861111
vt 0.333333 0.888889
vt 0.333333 0.916667
vt 0.333333 0.944444
vt 0.305556 0.000000
vt 0.305556 0.027778
vt 0.305556 0.055556
vt 0.305555 0.083333
vt 0.305555 0.111111
vt 0.305555 0.138889
vt 0.305556 0.166667
vt 0.305556 0.194444
vt 0.305556 0.222222
vt 0.305556 0.250000
vt 0.305556 0.277778
vt 0.305555 0.305556
vt 0.305555 0.333333
vt 0.305555 0.361111
vt 0.305555 0.388889
vt 0.305555 0.416667
vt 0.333333 0.444444
vt 0.305555 0.444444
vt 0.333333 0.472222
vt 0.305555 0.472222
vt 0.333333 0.500000
vt 0.305555 0.500000
vt 0.333333 0.527778
vt 0.305555 0.527778
vt 0.333333 0.555556
vt 0.305556 0.555556
vt 0.333333 0.583333
vt 0.305556 0.583333
vt 0.333333 0.611111
vt 0.305556 0.611111
vt 0.333333 0.638889
vt 0.305556 0.638889
vt 0.333333 0.666667
vt 0.305556 0.666667
vt 0.333333 0.694445
vt 0.305556 0.694445
vt 0.305556 0.722222
vt 0.305556 0.750000
vt 0.305556 0.777778
vt 0.305556 0.805556
vt 0.305556 0.833333
vt 0.305556 0.861111
vt 0.305556 0.888889
vt 0.305556 0.916667
vt 0.305556 0.944444
vt 0.277778 0.000000
vt 0.277778 0.027778
vt 0.277778 0.055556
vt 0.277778 0.083333
vt 0.277778 0.111111
vt 0.277778 0.138889
vt 0.277778 0.166667
vt 0.277778 0.194444
vt 0.277778 0.222222
vt 0.277778 0.250000
vt 0.277778 0.277778
vt 0.277778 0.305556
vt 0.277778 0.333333
vt 0.277778 0.361111
vt 0.277778 0.388889
vt 0.277778 0.416667
vt 0.277778 0.444444
vt 0.277778 0.472222
vt 0.277778 0.500000
vt 0.277778 0.527778
vt 0.277778 0.555556
vt 0.277778 0.583333
vt 0.277778 0.611111
vt 0.277778 0.638889
vt 0.277778 0.666667
vt 0.277778 0.694445
vt 0.277778 0.722222
vt 0.277778 0.750000
vt 0.277778 0.777778
vt 0.277778 0.805556
vt 0.277778 0.833333
vt 0.277778 0.861111
vt 0.277778 0.888889
vt 0.277778 0.916667
vt 0.277778 0.944444
vt 0.250000 0.000000
vt 0.250000 0.027778
vt 0.250000 0.055556
vt 0.250000 0.083333
vt 0.250000 0.111111
vt 0.250000 0.138889
vt 0.250000 0.166667
vt 0.250000 0.194444
vt 0.250000 0.222222
vt 0.250000 0.250000
vt 0.250000 0.277778
vt 0.250000 0.305556
vt 0.250000 0.333333
vt 0.250000 0.361111
vt 0.250000 0.388889
vt 0.250000 0.416667
vt 0.250000 0.444444
vt 0.250000 0.472222
vt 0.250000 0.500000
vt 0.250000 0.527778
vt 0.250000 0.555556
vt 0.250000 0.583333
vt 0.250000 0.611111
vt 0.250000 0.638889
vt 0.250000 0.666667
vt 0.250000 0.694445
vt 0.250000 0.722222
vt 0.250000 0.750000
vt 0.250000 0.777778
vt 0.250000 0.805556
vt 0.250000 0.833333
vt 0.250000 0.861111
vt 0.250000 0.888889
vt 0.250000 0.916667
vt 0.250000 0.944444
vt 0.222222 0.000000
vt 0.222222 0.027778
vt 0.222222 0.055556
vt 0.222222 0.083333
vt 0.222222 0.111111
vt 0.222222 0.138889
vt 0.222222 0.166667
vt 0.222222 0.194444
vt 0.222222 0.222222
vt 0.222222 0.250000
vt 0.222222 0.277778
vt 0.222222 0.305556
vt 0.222222 0.333333
vt 0.222222 0.361111
vt 0.222222 0.388889
vt 0.222222 0.416667
vt 0.222222 0.444444
vt 0.222222 0.472222
vt 0.222222 0.500000
vt 0.222222 0.527778
vt 0.222222 0.555556
vt 0.222222 0.583333
vt 0.222222 0.611111
vt 0.222222 0.638889
vt 0.222222 0.666667
vt 0.222222 0.694445
vt 0.222222 0.722222
vt 0.222222 0.750000
vt 0.222222 0.777778
vt 0.222222 0.805556
vt 0.222222 0.833333
vt 0.222222 0.861111
vt 0.222222 0.888889
vt 0.222222 0.916667
vt 0.222222 0.944444
vt 0.194444 0.000000
vt 0.194444 0.027778
vt 0.194444 0.055556
vt 0.194444 0.083333
vt 0.194444 0.111111
vt 0.194444 0.138889
vt 0.194444 0.166667
vt 0.194444 0.194444
vt 0.194444 0.222222
vt 0.194444 0.250000
vt 0.194444 0.277778
vt 0.194444 0.305556
vt 0.194444 0.333333
vt 0.194444 0.361111
vt 0.194444 0.388889
vt 0.194444 0.416667
vt 0.194444 0.444444
vt 0.194444 0.472222
vt 0.194444 0.500000
vt 0.194444 0.527778
vt 0.194444 0.555556
vt 0.194444 0.583333
vt 0.194444 0.611111
vt 0.194444 0.638889
vt 0.194444 0.666667
vt 0.194444 0.694445
vt 0.194444 0.722222
vt 0.194444 0.750000
vt 0.194444 0.777778
vt 0.194444 0.805556
vt 0.194444 0.833333
vt 0.194444 0.861111
vt 0.194444 0.888889
vt 0.194444 0.916667
vt 0.194444 0.944444
vt 0.166667 0.000000
vt 0.166667 0.027778
vt 0.166667 0.055556
vt 0.166667 0.083333
vt 0.166667 0.111111
vt 0.166667 0.138889
vt 0.166667 0.166667
vt 0.166667 0.194444
vt 0.166667 0.222222
vt 0.166667 0.250000
vt 0.166667 0.277778
vt 0.166667 0.305556
vt 0.166667 0.333333
vt 0.166667 0.361111
vt 0.166667 0.388889
vt 0.166667 0.416667
vt 0.166667 0.444444
vt 0.166667 0.472222
vt 0.166667 0.500000
vt 0.166667 0.527778
vt 0.166667 0.555556
vt 0.166667 0.583333
vt 0.166667 0.611111
vt 0.166667 0.638889
vt 0.166667 0.666667
vt 0.166667 0.694445
vt 0.166667 0.722222
vt 0.166667 0.750000
vt 0.166667 0.777778
vt 0.166667 0.805556
vt 0.166667 0.833333
vt 0.166667 0.861111
vt 0.166667 0.888889
vt 0.166667 0.916667
vt 0.166667 0.944444
vt 0.138889 0.000000
vt 0.138889 0.027778
vt 0.138889 0.055556
vt 0.138889 0.083333
vt 0.138889 0.111111
vt 0.138889 0.138889
vt 0.138889 0.166667
vt 0.138889 0.194444
vt 0.138889 0.222222
vt 0.138889 0.250000
vt 0.138889 0.277778
vt 0.138889 0.305556
vt 0.138889 0.333333
vt 0.138889 0.361111
vt 0.138889 0.388889
vt 0.138889 0.416667
vt 0.138889 0.444444
vt 0.138889 0.472222
vt 0.138889 0.500000
vt 0.138889 0.527778
vt 0.138889 0.555556
vt 0.138889 0.583333
vt 0.138889 0.611111
vt 0.138889 0.638889
vt 0.138889 0.666667
vt 0.138889 0.694445
vt 0.138889 0.722222
vt 0.138889 0.750000
vt 0.138889 0.777778
vt 0.138889 0.805556
vt 0.138889 0.833333
vt 0.138889 0.861111
vt 0.138889 0.888889
vt 0.138889 0.916667
vt 0.138889 0.944444
vt 0.111111 0.000000
vt 0.111111 0.027778
vt 0.111111 0.055556
vt 0.111111 0.083333
vt 0.111111 0.111111
vt 0.111111 0.138889
vt 0.111111 0.166667
vt 0.111111 0.194444
vt 0.111111 0.222222
vt 0.111111 0.250000
vt 0.111111 0.277778
vt 0.111111 0.305556
vt 0.111111 0.333333
vt 0.111111 0.361111
vt 0.111111 0.388889
vt 0.111111 0.416667
vt 0.111111 0.444444
vt 0.111111 0.472222
vt 0.111111 0.500000
vt 0.111111 0.527778
vt 0.111111 0.555556
vt 0.111111 0.583333
vt 0.111111 0.611111
vt 0.111111 0.638889
vt 0.111111 0.666667
vt 0.111111 0.694445
vt 0.111111 0.722222
vt 0.111111 0.750000
vt 0.111111 0.777778
vt 0.111111 0.805556
vt 0.111111 0.833333
vt 0.111111 0.861111
vt 0.111111 0.888889
vt 0.111111 0.916667
vt 0.111111 0.944444
vt 0.083333 0.000000
vt 0.083333 0.027778
vt 0.083333 0.055556
vt 0.083333 0.083333
vt 0.083333 0.111111
vt 0.083333 0.138889
vt 0.083333 0.166667
vt 0.083333 0.194444
vt 0.083333 0.222222
vt 0.083333 0.250000
vt 0.083333 0.277778
vt 0.083333 0.305556
vt 0.083333 0.333333
vt 0.083333 0.361111
vt 0.083333 0.388889
vt 0.083333 0.416667
vt 0.083333 0.444444
vt 0.083333 0.472222
vt 0.083333 0.500000
vt 0.083333 0.527778
vt 0.083333 0.555556
vt 0.083333 0.583333
vt 0.083333 0.611111
vt 0.083333 0.638889
vt 0.083333 0.666667
vt 0.083333 0.694445
vt 0.083333 0.722222
vt 0.083333 0.750000
vt 0.083333 0.777778
vt 0.083333 0.805556
vt 0.083333 0.833333
vt 0.083333 0.861111
vt 0.083333 0.888889
vt 0.083333 0.916667
vt 0.083333 0.944444
vt 0.055556 0.000000
vt 0.055556 0.027778
vt 0.055556 0.055556
vt 0.055556 0.083333
vt 0.055556 0.111111
vt 0.055556 0.138889
vt 0.055556 0.166667
vt 0.055556 0.194444
vt 0.055556 0.222222
vt 0.055556 0.250000
vt 0.055556 0.277778
vt 0.055556 0.305556
vt 0.055556 0.333333
vt 0.055556 0.361111
vt 0.055556 0.388889
vt 0.055556 0.416667
vt 0.055556 0.444444
vt 0.055556 0.472222
vt 0.055556 0.500000
vt 0.055556 0.527778
vt 0.055556 0.555556
vt 0.055556 0.583333
vt 0.055556 0.611111
vt 0.055556 0.638889
vt 0.055556 0.666667
vt 0.055556 0.694445
vt 0.055556 0.722222
vt 0.055556 0.750000
vt 0.055556 0.777778
vt 0.055556 0.805556
vt 0.055556 0.833333
vt 0.055556 0.861111
vt 0.055556 0.888889
vt 0.055556 0.916667
vt 0.055556 0.944444
vt 0.027778 0.000000
vt 0.027778 0.027778
vt 0.027778 0.055556
vt 0.027778 0.083333
vt 0.027778 0.111111
vt 0.027778 0.138889
vt 0.027778 0.166667
vt 0.027778 0.194444
vt 0.027778 0.222222
vt 0.027778 0.250000
vt 0.027778 0.277778
vt 0.027778 0.305556
vt 0.027778 0.333333
vt 0.027778 0.361111
vt 0.027778 0.388889
vt 0.027778 0.416667
vt 0.027778 0.444444
vt 0.027778 0.472222
vt 0.027778 0.500000
vt 0.027778 0.527778
vt 0.027778 0.555556
vt 0.027778 0.583333
vt 0.027778 0.611111
vt 0.027778 0.638889
vt 0.027778 0.666667
vt 0.027778 0.694445
vt 0.027778 0.722222
vt 0.027778 0.750000
vt 0.027778 0.777778
vt 0.027778 0.805556
vt 0.027778 0.833333
vt 0.027778 0.861111
vt 0.027778 0.888889
vt 0.027778 0.916667
vt 0.027778 0.944444
vt 0.000000 0.027778
vt 0.000000 0.055556
vt 0.000000 0.083333
vt 0.000000 0.111111
vt 0.000000 0.138889
vt 0.000000 0.166667
vt 0.000000 0.194444
vt 0.000000 0.222222
vt 0.000000 0.250000
vt 0.000000 0.277778
vt 0.000000 0.305556
vt 0.000000 0.333333
vt 0.000000 0.361111
vt 0.000000 0.388889
vt 0.000000 0.416667
vt 0.000000 0.444444
vt 0.000000 0.472222
vt 0.000000 0.500000
vt 0.000000 0.527778
vt 0.000000 0.555555
vt 0.000000 0.583333
vt 0.000000 0.611111
vt 0.000000 0.638889
vt 0.000000 0.666667
vt 0.000000 0.694444
vt 0.000000 0.722222
vt 0.000000 0.750000
vt 0.000000 0.777778
vt 0.000000 0.805556
vt 0.000000 0.833333
vt 0.000000 0.861111
vt 0.000000 0.888889
vt 0.000000 0.916667
vt 0.000000 0.944444
vt 1.000000 0.027778
vt 1.000000 0.055556
vt 1.000000 0.083333
vt 1.000000 0.111111
vt 1.000000 0.138889
vt 1.000000 0.166667
vt 1.000000 0.194444
vt 1.000000 0.222222
vt 1.000000 0.250000
vt 1.000000 0.277778
vt 1.000000 0.305556
vt 1.000000 0.333333
vt 1.000000 0.361111
vt 1.000000 0.388889
vt 1.000000 0.416667
vt 1.000000 0.444444
vt 1.000000 0.472222
vt 1.000000 0.694445
vt 1.000000 0.722222
vt 1.000000 0.750000
vt 1.000000 0.777778
vt 1.000000 0.805556
vt 1.000000 0.833333
vt 1.000000 0.861111
vt 1.000000 0.888889
vt 1.000000 0.916667
vt 1.000000 0.944444
vt 0.968750 1.000000
vt 0.937500 1.000000
vt 0.906250 1.000000
vt 0.875000 1.000000
vt 0.843750 1.000000
vt 0.812500 1.000000
vt 0.781250 1.000000
vt 0.718750 1.000000
vt 0.687500 1.000000
vt 0.656250 1.000000
vt 0.625000 0.512111
vt 0.593750 0.512031
vt 0.562500 0.511938
vt 0.531250 0.511839
vt 0.500000 0.511735
vt 0.468750 0.511631
vt 0.437500 0.511531
vt 0.406250 0.511439
vt 0.386124 0.511387
vt 0.375000 0.511358
vt 0.343750 1.000000
vt 0.312500 1.000000
vt 0.281250 1.000000
vt 0.250000 1.000000
vt 0.218750 1.000000
vt 0.187500 1.000000
vt 0.156250 1.000000
vt 0.125000 1.000000
vt 0.093750 1.000000
vt 0.062500 1.000000
vt 0.031250 1.000000
vt 0.468750 0.732183
vt 0.500000 0.751602
vt 0.500000 1.000000
vt 0.468750 1.000000
vt 0.593750 0.698673
vt 0.614486 0.689093
vt 0.593750 1.000000
vt 0.437500 0.713510
vt 0.437500 1.000000
vt 0.562500 0.715144
vt 0.562500 1.000000
vt 0.406250 0.696301
vt 0.406250 1.000000
vt 0.531250 0.733016
vt 0.531250 1.000000
vt 0.386636 0.686834
vt 0.942747 0.000000
vt 0.939678 0.000000
vt 0.462357 0.000000
vt 0.272043 0.000000
vt 0.450079 0.000000
s 0
usemtl 
f 1/1/1 2/2/1 3/3/1 4/4/1 5/5/1 6/6/1 7/7/1 8/8/1 9/9/1 10/10/1 11/11/1 12/12/1 13/13/1 14/14/1 15/15/1 16/16/1 17/17/1 18/18/1 19/19/1 20/20/1 21/21/1 22/22/1 23/23/1 24/24/1 25/25/1 26/26/1 27/27/1 28/28/1 29/29/1 30/30/1 31/31/1 32/32/1
f 32/33/2 416/34/2 33/35/2 1/36/2
f 416/34/2 415/37/2 34/38/2 33/35/2
f 415/37/2 414/39/2 35/40/2 34/38/2
f 54/41/1 35/42/1 447/42/1 450/41/1
f 413/43/2 412/44/2 37/45/2 36/46/2
f 412/44/2 411/47/2 38/48/2 37/45/2
f 411/47/2 410/49/2 39/50/2 38/48/2
f 410/49/2 409/51/2 40/52/2 39/50/2
f 409/51/2 408/53/2 41/54/2 40/52/2
f 408/53/2 407/55/2 42/56/2 41/54/2
f 407/55/2 406/57/2 43/58/2 42/56/2
f 406/57/2 405/59/2 44/60/2 43/58/2
f 31/61/3 404/62/3 416/34/3 32/33/3
f 404/62/3 403/63/3 415/37/3 416/34/3
f 403/63/3 402/64/3 414/39/3 415/37/3
f 53/65/4 54/41/4 450/41/4 449/65/4
f 401/66/3 400/67/3 412/44/3 413/43/3
f 400/67/3 399/68/3 411/47/3 412/44/3
f 399/68/3 398/69/3 410/49/3 411/47/3
f 398/69/3 397/70/3 409/51/3 410/49/3
f 397/70/3 396/71/3 408/53/3 409/51/3
f 396/71/3 395/72/3 407/55/3 408/53/3
f 395/72/3 394/73/3 406/57/3 407/55/3
f 394/73/3 393/74/3 405/59/3 406/57/3
f 30/75/5 392/76/5 404/62/5 31/61/5
f 392/76/5 391/77/5 403/63/5 404/62/5
f 391/77/5 390/78/5 402/64/5 403/63/5
f 401/66/6 413/43/6 455/43/6 453/66/6
f 353/79/7 352/80/7 457/80/7 458/79/7
f 388/81/5 387/82/5 399/68/5 400/67/5
f 387/82/5 386/83/5 398/69/5 399/68/5
f 386/83/5 385/84/5 397/70/5 398/69/5
f 385/84/5 384/85/5 396/71/5 397/70/5
f 384/85/5 383/86/5 395/72/5 396/71/5
f 383/86/5 382/87/5 394/73/5 395/72/5
f 382/87/5 381/88/5 393/74/5 394/73/5
f 29/89/8 380/90/8 392/76/8 30/75/8
f 380/90/8 379/91/8 391/77/8 392/76/8
f 379/91/8 378/92/8 390/78/8 391/77/8
f 378/92/8 377/93/8 389/94/8 390/78/8
f 365/95/1 353/79/1 458/79/1 460/95/1
f 376/96/8 375/97/8 387/82/8 388/81/8
f 375/97/8 374/98/8 386/83/8 387/82/8
f 374/98/8 373/99/8 385/84/8 386/83/8
f 373/99/8 372/100/8 384/85/8 385/84/8
f 372/100/8 371/101/8 383/86/8 384/85/8
f 371/101/8 370/102/8 382/87/8 383/86/8
f 370/102/8 369/103/8 381/88/8 382/87/8
f 28/104/9 368/105/9 380/90/9 29/89/9
f 368/105/9 367/106/9 379/91/9 380/90/9
f 367/106/9 366/107/9 378/92/9 379/91/9
f 366/107/9 365/95/9 377/93/9 378/92/9
f 376/96/6 388/81/6 463/81/6 461/96/6
f 364/108/9 363/109/9 375/97/9 376/96/9
f 363/109/9 362/110/9 374/98/9 375/97/9
f 362/110/9 361/111/9 373/99/9 374/98/9
f 361/111/9 360/112/9 372/100/9 373/99/9
f 360/112/9 359/113/9 371/101/9 372/100/9
f 359/113/9 358/114/9 370/102/9 371/101/9
f 358/114/9 357/115/9 369/103/9 370/102/9
f 27/116/10 356/117/10 368/105/10 28/104/10
f 356/117/10 355/118/10 367/106/10 368/105/10
f 355/118/10 354/119/10 366/107/10 367/106/10
f 354/119/10 353/79/10 365/95/10 366/107/10
f 377/93/1 365/95/1 460/95/1 462/93/1
f 363/109/11 364/108/11 476/108/11 475/109/11
f 351/120/10 350/121/10 362/110/10 363/109/10
f 350/121/10 349/122/10 361/111/10 362/110/10
f 349/122/10 348/123/10 360/112/10 361/111/10
f 348/123/10 347/124/10 359/113/10 360/112/10
f 347/124/10 346/125/10 358/114/10 359/113/10
f 346/125/10 345/126/10 357/115/10 358/114/10
f 26/127/12 344/128/12 356/117/12 27/116/12
f 344/128/12 343/129/12 355/118/12 356/117/12
f 343/129/12 342/130/12 354/119/12 355/118/12
f 342/130/12 341/131/12 353/79/12 354/119/12
f 341/131/12 340/132/12 352/80/12 353/79/12
f 339/133/6 351/120/6 473/120/6 471/133/6
f 339/133/12 338/134/12 350/121/12 351/120/12
f 338/134/12 337/135/12 349/122/12 350/121/12
f 337/135/12 336/136/12 348/123/12 349/122/12
f 336/136/12 335/137/12 347/124/12 348/123/12
f 335/137/12 334/138/12 346/125/12 347/124/12
f 334/138/12 333/139/12 345/126/12 346/125/12
f 25/140/13 332/141/13 344/128/13 26/127/13
f 332/141/13 331/142/13 343/129/13 344/128/13
f 331/142/13 330/143/13 342/130/13 343/129/13
f 330/143/13 329/144/13 341/131/13 342/130/13
f 329/144/13 328/145/13 340/132/13 341/131/13
f 340/132/1 328/145/1 470/145/1 472/132/1
f 327/146/13 326/147/13 338/134/13 339/133/13
f 326/147/13 325/148/13 337/135/13 338/134/13
f 325/148/13 324/149/13 336/136/13 337/135/13
f 324/149/13 323/150/13 335/137/13 336/136/13
f 323/150/13 322/151/13 334/138/13 335/137/13
f 322/151/13 321/152/13 333/139/13 334/138/13
f 24/153/14 320/154/14 332/141/14 25/140/14
f 320/154/14 319/155/14 331/142/14 332/141/14
f 319/155/14 318/156/14 330/143/14 331/142/14
f 318/156/14 317/157/14 329/144/14 330/143/14
f 317/157/14 316/158/14 328/145/14 329/144/14
f 316/158/15 315/159/15 467/159/15 468/158/15
f 315/159/1 303/160/1 482/160/1 484/159/1
f 314/161/14 313/162/14 325/148/14 326/147/14
f 313/162/14 312/163/14 324/149/14 325/148/14
f 312/163/14 311/164/14 323/150/14 324/149/14
f 311/164/14 310/165/14 322/151/14 323/150/14
f 310/165/14 309/166/14 321/152/14 322/151/14
f 23/167/16 308/168/16 320/154/16 24/153/16
f 308/168/16 307/169/16 319/155/16 320/154/16
f 307/169/16 306/170/16 318/156/16 319/155/16
f 306/170/16 305/171/16 317/157/16 318/156/16
f 305/171/16 304/172/16 316/158/16 317/157/16
f 304/172/16 303/160/16 315/159/16 316/158/16
f 314/161/6 326/147/6 485/147/6 483/161/6
f 302/173/16 301/174/16 313/162/16 314/161/16
f 301/174/16 300/175/16 312/163/16 313/162/16
f 300/175/16 299/176/16 311/164/16 312/163/16
f 299/176/16 298/177/16 310/165/16 311/164/16
f 298/177/16 297/178/16 309/166/16 310/165/16
f 22/179/17 296/180/17 308/168/17 23/167/17
f 296/180/17 295/181/17 307/169/17 308/168/17
f 295/181/17 294/182/17 306/170/17 307/169/17
f 294/182/17 293/183/17 305/171/17 306/170/17
f 293/183/17 292/184/17 304/172/17 305/171/17
f 292/184/17 291/185/17 303/160/17 304/172/17
f 279/186/18 278/187/18 477/187/18 478/186/18
f 290/188/17 289/189/17 301/174/17 302/173/17
f 289/189/17 288/190/17 300/175/17 301/174/17
f 288/190/17 287/191/17 299/176/17 300/175/17
f 287/191/17 286/192/17 298/177/17 299/176/17
f 286/192/17 285/193/17 297/178/17 298/177/17
f 21/194/19 284/195/19 296/180/19 22/179/19
f 284/195/19 283/196/19 295/181/19 296/180/19
f 283/196/19 282/197/19 294/182/19 295/181/19
f 282/197/19 281/198/19 293/183/19 294/182/19
f 281/198/19 280/199/19 292/184/19 293/183/19
f 280/199/19 279/186/19 291/185/19 292/184/19
f 278/187/6 290/188/6 479/188/6 477/187/6
f 266/200/1 254/201/1 490/201/1 492/200/1
f 277/202/19 276/203/19 288/190/19 289/189/19
f 276/203/19 275/204/19 287/191/19 288/190/19
f 275/204/19 274/205/19 286/192/19 287/191/19
f 274/205/19 273/206/19 285/193/19 286/192/19
f 20/207/20 272/208/20 284/195/20 21/194/20
f 272/208/20 271/209/20 283/196/20 284/195/20
f 271/209/20 270/210/20 282/197/20 283/196/20
f 270/210/20 269/211/20 281/198/20 282/197/20
f 269/211/20 268/212/20 280/199/20 281/198/20
f 268/212/20 267/213/20 279/186/20 280/199/20
f 267/213/20 266/200/20 278/187/20 279/186/20
f 242/214/21 241/215/21 487/215/21 488/214/21
f 265/216/20 264/217/20 276/203/20 277/202/20
f 264/217/20 263/218/20 275/204/20 276/203/20
f 263/218/20 262/219/20 274/205/20 275/204/20
f 262/219/20 261/220/20 273/206/20 274/205/20
f 19/221/22 260/222/22 272/208/22 20/207/22
f 260/222/22 259/223/22 271/209/22 272/208/22
f 259/223/22 258/224/22 270/210/22 271/209/22
f 258/224/22 257/225/22 269/211/22 270/210/22
f 257/225/22 256/226/22 268/212/22 269/211/22
f 256/226/22 255/227/22 267/213/22 268/212/22
f 255/227/22 254/201/22 266/200/22 267/213/22
f 278/187/1 266/200/1 492/200/1 494/187/1
f 253/228/22 252/229/22 264/217/22 265/216/22
f 252/229/22 251/230/22 263/218/22 264/217/22
f 251/230/22 250/231/22 262/219/22 263/218/22
f 250/231/22 249/232/22 261/220/22 262/219/22
f 18/233/23 248/234/23 260/222/23 19/221/23
f 248/234/23 247/235/23 259/223/23 260/222/23
f 247/235/23 246/236/23 258/224/23 259/223/23
f 246/236/23 245/237/23 257/225/23 258/224/23
f 245/237/23 244/238/23 256/226/23 257/225/23
f 244/238/23 243/239/23 255/227/23 256/226/23
f 243/239/23 242/214/23 254/201/23 255/227/23
f 241/215/6 253/228/6 489/228/6 487/215/6
f 228/240/6 240/241/6 503/241/6 501/240/6
f 240/241/23 239/242/23 251/230/23 252/229/23
f 239/242/23 238/243/23 250/231/23 251/230/23
f 238/243/23 237/244/23 249/232/23 250/231/23
f 17/245/24 236/246/24 248/234/24 18/233/24
f 236/246/24 235/247/24 247/235/24 248/234/24
f 235/247/24 234/248/24 246/236/24 247/235/24
f 234/248/24 233/249/24 245/237/24 246/236/24
f 233/249/24 232/250/24 244/238/24 245/237/24
f 232/250/24 231/251/24 243/239/24 244/238/24
f 231/251/24 230/252/24 242/214/24 243/239/24
f 230/252/24 229/253/24 241/215/24 242/214/24
f 229/253/1 217/254/1 500/254/1 502/253/1
f 228/240/24 227/255/24 239/242/24 240/241/24
f 227/255/24 226/256/24 238/243/24 239/242/24
f 226/256/24 225/257/24 237/244/24 238/243/24
f 16/258/25 224/259/25 236/246/25 17/245/25
f 224/259/25 223/260/25 235/247/25 236/246/25
f 223/260/25 222/261/25 234/248/25 235/247/25
f 222/261/25 221/262/25 233/249/25 234/248/25
f 221/262/25 220/263/25 232/250/25 233/249/25
f 220/263/25 219/264/25 231/251/25 232/250/25
f 219/264/25 218/265/25 230/252/25 231/251/25
f 218/265/25 217/254/25 229/253/25 230/252/25
f 240/241/6 252/229/6 505/229/6 503/241/6
f 216/266/25 215/267/25 227/255/25 228/240/25
f 215/267/25 214/268/25 226/256/25 227/255/25
f 214/268/25 213/269/25 225/257/25 226/256/25
f 15/270/26 212/271/26 224/259/26 16/258/26
f 212/271/26 211/272/26 223/260/26 224/259/26
f 211/272/26 210/273/26 222/261/26 223/260/26
f 210/273/26 209/274/26 221/262/26 222/261/26
f 209/274/26 208/275/26 220/263/26 221/262/26
f 208/275/26 207/276/26 219/264/26 220/263/26
f 207/276/26 206/277/26 218/265/26 219/264/26
f 206/277/26 205/278/26 217/254/26 218/265/26
f 241/215/1 229/253/1 502/253/1 504/215/1
f 168/279/27 167/280/27 507/280/27 508/279/27
f 203/281/26 202/282/26 214/268/26 215/267/26
f 202/282/26 201/283/26 213/269/26 214/268/26
f 14/284/28 200/285/28 212/271/28 15/270/28
f 200/285/28 199/286/28 211/272/28 212/271/28
f 199/286/28 198/287/28 210/273/28 211/272/28
f 198/287/28 197/288/28 209/274/28 210/273/28
f 197/288/28 196/289/28 208/275/28 209/274/28
f 196/289/28 195/290/28 207/276/28 208/275/28
f 195/290/28 194/291/28 206/277/28 207/276/28
f 194/291/28 193/292/28 205/278/28 206/277/28
f 193/292/28 192/293/28 204/294/28 205/278/28
f 204/294/1 192/293/1 512/293/1 514/294/1
f 191/295/28 190/296/28 202/282/28 203/281/28
f 190/296/28 189/297/28 201/283/28 202/282/28
f 13/298/29 188/299/29 200/285/29 14/284/29
f 188/299/29 187/300/29 199/286/29 200/285/29
f 187/300/29 186/301/29 198/287/29 199/286/29
f 186/301/29 185/302/29 197/288/29 198/287/29
f 185/302/29 184/303/29 196/289/29 197/288/29
f 184/303/29 183/304/29 195/290/29 196/289/29
f 183/304/29 182/305/29 194/291/29 195/290/29
f 182/305/29 181/306/29 193/292/29 194/291/29
f 181/306/29 180/307/29 192/293/29 193/292/29
f 203/281/6 215/267/6 515/267/6 513/281/6
f 179/308/29 178/309/29 190/296/29 191/295/29
f 178/309/29 177/310/29 189/297/29 190/296/29
f 12/311/30 176/312/30 188/299/30 13/298/30
f 176/312/30 175/313/30 187/300/30 188/299/30
f 175/313/30 174/314/30 186/301/30 187/300/30
f 174/314/30 173/315/30 185/302/30 186/301/30
f 173/315/30 172/316/30 184/303/30 185/302/30
f 172/316/30 171/317/30 183/304/30 184/303/30
f 171/317/30 170/318/30 182/305/30 183/304/30
f 170/318/30 169/319/30 181/306/30 182/305/30
f 169/319/30 168/279/30 180/307/30 181/306/30
f 167/280/6 179/308/6 509/308/6 507/280/6
f 131/320/31 130/321/31 517/321/31 518/320/31
f 166/322/30 165/323/30 177/310/30 178/309/30
f 11/324/32 164/325/32 176/312/32 12/311/32
f 164/325/32 163/326/32 175/313/32 176/312/32
f 163/326/32 162/327/32 174/314/32 175/313/32
f 162/327/32 161/328/32 173/315/32 174/314/32
f 161/328/32 160/329/32 172/316/32 173/315/32
f 160/329/32 159/330/32 171/317/32 172/316/32
f 159/330/32 158/331/32 170/318/32 171/317/32
f 158/331/32 157/332/32 169/319/32 170/318/32
f 157/332/32 156/333/32 168/279/32 169/319/32
f 156/333/32 155/334/32 167/280/32 168/279/32
f 179/308/1 167/280/1 524/280/1 526/308/1
f 154/335/32 153/336/32 165/323/32 166/322/32
f 164/325/33 11/324/33 425/324/33 426/325/33
f 152/337/34 151/338/34 163/326/34 164/325/34
f 151/338/34 150/339/34 162/327/34 163/326/34
f 150/339/34 149/340/34 161/328/34 162/327/34
f 149/340/34 148/341/34 160/329/34 161/328/34
f 148/341/34 147/342/34 159/330/34 160/329/34
f 147/342/34 146/343/34 158/331/34 159/330/34
f 146/343/34 145/344/34 157/332/34 158/331/34
f 145/344/34 144/345/34 156/333/34 157/332/34
f 144/345/34 143/346/34 155/334/34 156/333/34
f 143/346/1 131/320/1 518/320/1 520/346/1
f 142/347/34 141/348/34 153/336/34 154/335/34
f 152/337/6 164/325/6 426/325/6 424/337/6
f 140/349/35 139/350/35 151/338/35 152/337/35
f 139/350/35 138/351/35 150/339/35 151/338/35
f 138/351/35 137/352/35 149/340/35 150/339/35
f 137/352/35 136/353/35 148/341/35 149/340/35
f 136/353/35 135/354/35 147/342/35 148/341/35
f 135/354/35 134/355/35 146/343/35 147/342/35
f 134/355/35 133/356/35 145/344/35 146/343/35
f 133/356/35 132/357/35 144/345/35 145/344/35
f 132/357/35 131/320/35 143/346/35 144/345/35
f 142/347/6 154/335/6 521/335/6 519/347/6
f 130/321/1 118/358/1 532/358/1 534/321/1
f 116/359/6 128/360/6 420/360/6 417/359/6
f 128/360/36 127/361/36 139/350/36 140/349/36
f 127/361/36 126/362/36 138/351/36 139/350/36
f 126/362/36 125/363/36 137/352/36 138/351/36
f 125/363/36 124/364/36 136/353/36 137/352/36
f 124/364/36 123/365/36 135/354/36 136/353/36
f 123/365/36 122/366/36 134/355/36 135/354/36
f 122/366/36 121/367/36 133/356/36 134/355/36
f 121/367/36 120/368/36 132/357/36 133/356/36
f 120/368/36 119/369/36 131/320/36 132/357/36
f 119/369/36 118/358/36 130/321/36 131/320/36
f 93/370/6 105/371/6 529/371/6 527/370/6
f 8/8/1 7/7/1 418/7/1 419/8/1
f 103/372/6 115/373/6 433/373/6 431/372/6
f 115/373/37 114/374/37 126/362/37 127/361/37
f 114/374/37 113/375/37 125/363/37 126/362/37
f 113/375/37 112/376/37 124/364/37 125/363/37
f 112/376/37 111/377/37 123/365/37 124/364/37
f 111/377/37 110/378/37 122/366/37 123/365/37
f 110/378/37 109/379/37 121/367/37 122/366/37
f 109/379/37 108/380/37 120/368/37 121/367/37
f 108/380/37 107/381/37 119/369/37 120/368/37
f 107/381/37 106/382/37 118/358/37 119/369/37
f 94/383/38 93/370/38 527/370/38 528/383/38
f 6/384/39 104/385/39 116/359/39 7/386/39
f 116/359/1 104/385/1 432/385/1 434/359/1
f 103/372/39 102/387/39 114/374/39 115/373/39
f 102/387/39 101/388/39 113/375/39 114/374/39
f 101/388/39 100/389/39 112/376/39 113/375/39
f 100/389/39 99/390/39 111/377/39 112/376/39
f 99/390/39 98/391/39 110/378/39 111/377/39
f 98/391/39 97/392/39 109/379/39 110/378/39
f 97/392/39 96/393/39 108/380/39 109/379/39
f 96/393/39 95/394/39 107/381/39 108/380/39
f 95/394/39 94/383/39 106/382/39 107/381/39
f 142/347/1 130/321/1 534/321/1 536/347/1
f 5/395/40 92/396/40 104/385/40 6/384/40
f 115/373/6 127/361/6 435/361/6 433/373/6
f 91/397/40 90/398/40 102/387/40 103/372/40
f 90/398/40 89/399/40 101/388/40 102/387/40
f 89/399/40 88/400/40 100/389/40 101/388/40
f 88/400/40 87/401/40 99/390/40 100/389/40
f 87/401/40 86/402/40 98/391/40 99/390/40
f 86/402/40 85/403/40 97/392/40 98/391/40
f 85/403/40 84/404/40 96/393/40 97/392/40
f 84/404/40 83/405/40 95/394/40 96/393/40
f 83/405/40 82/406/40 94/383/40 95/394/40
f 82/406/40 81/407/40 93/370/40 94/383/40
f 4/408/41 80/409/41 92/396/41 5/395/41
f 79/410/6 91/397/6 429/397/6 427/410/6
f 34/38/42 35/40/42 438/40/42 437/38/42
f 78/411/41 77/412/41 89/399/41 90/398/41
f 77/412/41 76/413/41 88/400/41 89/399/41
f 76/413/41 75/414/41 87/401/41 88/400/41
f 75/414/41 74/415/41 86/402/41 87/401/41
f 74/415/41 73/416/41 85/403/41 86/402/41
f 73/416/41 72/417/41 84/404/41 85/403/41
f 72/417/41 71/418/41 83/405/41 84/404/41
f 71/418/41 70/419/41 82/406/41 83/405/41
f 70/419/41 69/420/41 81/407/41 82/406/41
f 3/421/43 68/422/43 80/409/43 4/408/43
f 68/422/43 67/423/43 79/410/43 80/409/43
f 91/397/1 79/410/1 444/410/1 446/397/1
f 66/424/43 65/425/43 77/412/43 78/411/43
f 65/425/43 64/426/43 76/413/43 77/412/43
f 64/426/43 63/427/43 75/414/43 76/413/43
f 63/427/43 62/428/43 74/415/43 75/414/43
f 62/428/43 61/429/43 73/416/43 74/415/43
f 61/429/43 60/430/43 72/417/43 73/416/43
f 60/430/43 59/431/43 71/418/43 72/417/43
f 59/431/43 58/432/43 70/419/43 71/418/43
f 58/432/43 57/433/43 69/420/43 70/419/43
f 2/434/44 56/435/44 68/422/44 3/421/44
f 56/435/44 55/436/44 67/423/44 68/422/44
f 54/41/6 66/424/6 441/424/6 439/41/6
f 54/41/44 53/65/44 65/425/44 66/424/44
f 53/65/44 52/437/44 64/426/44 65/425/44
f 52/437/44 51/438/44 63/427/44 64/426/44
f 51/438/44 50/439/44 62/428/44 63/427/44
f 50/439/44 49/440/44 61/429/44 62/428/44
f 49/440/44 48/441/44 60/430/44 61/429/44
f 48/441/44 47/442/44 59/431/44 60/430/44
f 47/442/44 46/443/44 58/432/44 59/431/44
f 46/443/44 45/444/44 57/433/44 58/432/44
f 1/445/45 33/446/45 56/435/45 2/434/45
f 33/446/45 34/447/45 55/436/45 56/435/45
f 55/436/1 34/447/1 437/447/1 440/436/1
f 402/64/1 390/78/1 452/78/1 454/64/1
f 36/448/45 37/449/45 52/437/45 53/65/45
f 37/449/45 38/450/45 51/438/45 52/437/45
f 38/450/45 39/451/45 50/439/45 51/438/45
f 39/451/45 40/452/45 49/440/45 50/439/45
f 40/452/45 41/453/45 48/441/45 49/440/45
f 41/453/45 42/454/45 47/442/45 48/441/45
f 42/454/45 43/455/45 46/443/45 47/442/45
f 43/455/45 44/456/45 45/444/45 46/443/45
f 423/457/34 424/337/34 426/325/34 425/324/34
f 421/458/35 422/349/35 424/337/35 423/457/35
f 419/459/36 420/360/36 422/349/36 421/458/36
f 418/386/37 417/359/37 420/360/37 419/459/37
f 140/349/6 152/337/6 424/337/6 422/349/6
f 11/11/1 10/10/1 423/10/1 425/11/1
f 7/386/46 116/359/46 417/359/46 418/386/46
f 128/360/6 140/349/6 422/349/6 420/360/6
f 10/10/1 9/9/1 421/9/1 423/10/1
f 9/9/1 8/8/1 419/8/1 421/9/1
f 434/359/37 433/373/37 435/361/37 436/360/37
f 432/385/39 431/372/39 433/373/39 434/359/39
f 430/396/40 429/397/40 431/372/40 432/385/40
f 428/409/41 427/410/41 429/397/41 430/396/41
f 104/385/1 92/396/1 430/396/1 432/385/1
f 80/409/47 79/410/47 427/410/47 428/409/47
f 91/397/6 103/372/6 431/372/6 429/397/6
f 92/396/1 80/409/1 428/409/1 430/396/1
f 128/360/1 116/359/1 434/359/1 436/360/1
f 127/361/48 128/360/48 436/360/48 435/361/48
f 444/410/41 443/411/41 445/398/41 446/397/41
f 442/423/43 441/424/43 443/411/43 444/410/43
f 440/436/44 439/41/44 441/424/44 442/423/44
f 437/447/45 438/42/45 439/41/45 440/436/45
f 35/42/6 54/41/6 439/41/6 438/42/6
f 79/410/1 67/423/1 442/423/1 444/410/1
f 78/411/6 90/398/6 445/398/6 443/411/6
f 90/398/49 91/397/49 446/397/49 445/398/49
f 67/423/1 55/436/1 440/436/1 442/423/1
f 66/424/6 78/411/6 443/411/6 441/424/6
f 456/39/2 455/43/2 448/46/2 447/40/2
f 454/64/3 453/66/3 455/43/3 456/39/3
f 452/78/5 451/94/5 453/66/5 454/64/5
f 447/42/45 448/448/45 449/65/45 450/41/45
f 389/94/6 401/66/6 453/66/6 451/94/6
f 390/78/50 389/94/50 451/94/50 452/78/50
f 35/40/1 414/39/1 456/39/1 447/40/1
f 36/448/6 53/65/6 449/65/6 448/448/6
f 414/39/1 402/64/1 454/64/1 456/39/1
f 413/43/6 36/46/6 448/46/6 455/43/6
f 464/94/5 463/81/5 465/67/5 466/66/5
f 462/93/8 461/96/8 463/81/8 464/94/8
f 460/95/9 459/108/9 461/96/9 462/93/9
f 458/79/10 457/80/10 459/108/10 460/95/10
f 364/108/6 376/96/6 461/96/6 459/108/6
f 401/66/1 389/94/1 464/94/1 466/66/1
f 400/67/51 401/66/51 466/66/51 465/67/51
f 352/80/6 364/108/6 459/108/6 457/80/6
f 389/94/1 377/93/1 462/93/1 464/94/1
f 388/81/6 400/67/6 465/67/6 463/81/6
f 474/80/10 473/120/10 475/109/10 476/108/10
f 472/132/12 471/133/12 473/120/12 474/80/12
f 470/145/13 469/146/13 471/133/13 472/132/13
f 468/158/14 467/159/14 469/146/14 470/145/14
f 328/145/1 316/158/1 468/158/1 470/145/1
f 327/146/6 339/133/6 471/133/6 469/146/6
f 364/108/1 352/80/1 474/80/1 476/108/1
f 315/159/6 327/146/6 469/146/6 467/159/6
f 351/120/6 363/109/6 475/109/6 473/120/6
f 352/80/1 340/132/1 472/132/1 474/80/1
f 484/159/14 483/161/14 485/147/14 486/146/14
f 482/160/16 481/173/16 483/161/16 484/159/16
f 480/185/17 479/188/17 481/173/17 482/160/17
f 478/186/19 477/187/19 479/188/19 480/185/19
f 326/147/52 327/146/52 486/146/52 485/147/52
f 302/173/6 314/161/6 483/161/6 481/173/6
f 303/160/1 291/185/1 480/185/1 482/160/1
f 290/188/6 302/173/6 481/173/6 479/188/6
f 291/185/1 279/186/1 478/186/1 480/185/1
f 327/146/1 315/159/1 484/159/1 486/146/1
f 494/187/19 493/202/19 495/189/19 496/188/19
f 492/200/20 491/216/20 493/202/20 494/187/20
f 490/201/22 489/228/22 491/216/22 492/200/22
f 488/214/23 487/215/23 489/228/23 490/201/23
f 265/216/6 277/202/6 493/202/6 491/216/6
f 290/188/1 278/187/1 494/187/1 496/188/1
f 289/189/53 290/188/53 496/188/53 495/189/53
f 254/201/1 242/214/1 488/214/1 490/201/1
f 253/228/6 265/216/6 491/216/6 489/228/6
f 277/202/6 289/189/6 495/189/6 493/202/6
f 504/215/23 503/241/23 505/229/23 506/228/23
f 502/253/24 501/240/24 503/241/24 504/215/24
f 500/254/25 499/266/25 501/240/25 502/253/25
f 498/278/26 497/294/26 499/266/26 500/254/26
f 205/278/54 204/294/54 497/294/54 498/278/54
f 217/254/1 205/278/1 498/278/1 500/254/1
f 216/266/6 228/240/6 501/240/6 499/266/6
f 253/228/1 241/215/1 504/215/1 506/228/1
f 252/229/55 253/228/55 506/228/55 505/229/55
f 204/294/6 216/266/6 499/266/6 497/294/6
f 514/294/26 513/281/26 515/267/26 516/266/26
f 512/293/28 511/295/28 513/281/28 514/294/28
f 510/307/29 509/308/29 511/295/29 512/293/29
f 508/279/30 507/280/30 509/308/30 510/307/30
f 192/293/1 180/307/1 510/307/1 512/293/1
f 191/295/6 203/281/6 513/281/6 511/295/6
f 215/267/56 216/266/56 516/266/56 515/267/56
f 180/307/1 168/279/1 508/279/1 510/307/1
f 179/308/6 191/295/6 511/295/6 509/308/6
f 216/266/1 204/294/1 514/294/1 516/266/1
f 524/280/30 523/322/30 525/309/30 526/308/30
f 522/334/32 521/335/32 523/322/32 524/280/32
f 520/346/34 519/347/34 521/335/34 522/334/34
f 518/320/35 517/321/35 519/347/35 520/346/35
f 130/321/6 142/347/6 519/347/6 517/321/6
f 178/309/57 179/308/57 526/308/57 525/309/57
f 166/322/6 178/309/6 525/309/6 523/322/6
f 167/280/1 155/334/1 522/334/1 524/280/1
f 154/335/6 166/322/6 523/322/6 521/335/6
f 155/334/1 143/346/1 520/346/1 522/334/1
f 534/321/35 533/460/35 535/348/35 536/347/35
f 532/358/36 531/461/36 533/460/36 534/321/36
f 530/382/37 529/371/37 531/461/37 532/358/37
f 528/383/39 527/370/39 529/371/39 530/382/39
f 129/460/6 141/348/6 535/348/6 533/460/6
f 141/348/58 142/347/58 536/347/58 535/348/58
f 118/358/1 106/382/1 530/382/1 532/358/1
f 117/461/6 129/460/6 533/460/6 531/461/6
f 105/371/6 117/461/6 531/461/6 529/371/6
f 106/382/1 94/383/1 528/383/1 530/382/1
f 537/462/6 538/463/6 540/464/6 539/465/6
f 545/466/54 546/467/54 544/464/54 542/463/54
f 541/462/59 543/465/59 546/467/59 545/466/59
f 551/466/55 548/463/55 550/464/55 552/467/55
f 547/462/60 551/466/60 552/467/60 549/465/60
f 715/167/43 716/153/43 1252/153/43 1251/167/43
f 724/33/9 1108/34/9 725/35/9 693/36/9
f 1108/34/9 1107/37/9 726/38/9 725/35/9
f 1107/37/9 1106/39/9 727/40/9 726/38/9
f 746/41/1 727/42/1 1139/42/1 1142/41/1
f 1105/43/9 1104/44/9 729/45/9 728/46/9
f 1104/44/9 1103/47/9 730/48/9 729/45/9
f 1103/47/9 1102/49/9 731/50/9 730/48/9
f 1102/49/9 1101/51/9 732/52/9 731/50/9
f 1101/51/9 1100/53/9 733/54/9 732/52/9
f 1100/53/9 1099/55/9 734/56/9 733/54/9
f 1099/55/9 1098/57/9 735/58/9 734/56/9
f 1098/57/9 1097/59/9 736/60/9 735/58/9
f 723/61/10 1096/62/10 1108/34/10 724/33/10
f 1096/62/10 1095/63/10 1107/37/10 1108/34/10
f 1095/63/10 1094/64/10 1106/39/10 1107/37/10
f 745/65/81 746/41/81 1142/41/81 1141/65/81
f 1093/66/10 1092/67/10 1104/44/10 1105/43/10
f 1092/67/10 1091/68/10 1103/47/10 1104/44/10
f 1091/68/10 1090/69/10 1102/49/10 1103/47/10
f 1090/69/10 1089/70/10 1101/51/10 1102/49/10
f 1089/70/10 1088/71/10 1100/53/10 1101/51/10
f 1088/71/10 1087/72/10 1099/55/10 1100/53/10
f 1087/72/10 1086/73/10 1098/57/10 1099/55/10
f 1086/73/10 1085/74/10 1097/59/10 1098/57/10
f 722/75/12 1084/76/12 1096/62/12 723/61/12
f 1084/76/12 1083/77/12 1095/63/12 1096/62/12
f 1083/77/12 1082/78/12 1094/64/12 1095/63/12
f 1093/66/6 1105/43/6 1147/43/6 1145/66/6
f 1045/79/33 1044/80/33 1149/80/33 1150/79/33
f 1080/81/12 1079/82/12 1091/68/12 1092/67/12
f 1079/82/12 1078/83/12 1090/69/12 1091/68/12
f 1078/83/12 1077/84/12 1089/70/12 1090/69/12
f 1077/84/12 1076/85/12 1088/71/12 1089/70/12
f 1076/85/12 1075/86/12 1087/72/12 1088/71/12
f 1075/86/12 1074/87/12 1086/73/12 1087/72/12
f 1074/87/12 1073/88/12 1085/74/12 1086/73/12
f 721/89/13 1072/90/13 1084/76/13 722/75/13
f 1072/90/13 1071/91/13 1083/77/13 1084/76/13
f 1071/91/13 1070/92/13 1082/78/13 1083/77/13
f 1070/92/13 1069/93/13 1081/94/13 1082/78/13
f 1057/95/1 1045/79/1 1150/79/1 1152/95/1
f 1068/96/13 1067/97/13 1079/82/13 1080/81/13
f 1067/97/13 1066/98/13 1078/83/13 1079/82/13
f 1066/98/13 1065/99/13 1077/84/13 1078/83/13
f 1065/99/13 1064/100/13 1076/85/13 1077/84/13
f 1064/100/13 1063/101/13 1075/86/13 1076/85/13
f 1063/101/13 1062/102/13 1074/87/13 1075/86/13
f 1062/102/13 1061/103/13 1073/88/13 1074/87/13
f 720/104/14 1060/105/14 1072/90/14 721/89/14
f 1060/105/14 1059/106/14 1071/91/14 1072/90/14
f 1059/106/14 1058/107/14 1070/92/14 1071/91/14
f 1058/107/14 1057/95/14 1069/93/14 1070/92/14
f 1068/96/6 1080/81/6 1155/81/6 1153/96/6
f 1056/108/14 1055/109/14 1067/97/14 1068/96/14
f 1055/109/14 1054/110/14 1066/98/14 1067/97/14
f 1054/110/14 1053/111/14 1065/99/14 1066/98/14
f 1053/111/14 1052/112/14 1064/100/14 1065/99/14
f 1052/112/14 1051/113/14 1063/101/14 1064/100/14
f 1051/113/14 1050/114/14 1062/102/14 1063/101/14
f 1050/114/14 1049/115/14 1061/103/14 1062/102/14
f 719/116/16 1048/117/16 1060/105/16 720/104/16
f 1048/117/16 1047/118/16 1059/106/16 1060/105/16
f 1047/118/16 1046/119/16 1058/107/16 1059/106/16
f 1046/119/16 1045/79/16 1057/95/16 1058/107/16
f 1069/93/1 1057/95/1 1152/95/1 1154/93/1
f 1055/109/47 1056/108/47 1168/108/47 1167/109/47
f 1043/120/16 1042/121/16 1054/110/16 1055/109/16
f 1042/121/16 1041/122/16 1053/111/16 1054/110/16
f 1041/122/16 1040/123/16 1052/112/16 1053/111/16
f 1040/123/16 1039/124/16 1051/113/16 1052/112/16
f 1039/124/16 1038/125/16 1050/114/16 1051/113/16
f 1038/125/16 1037/126/16 1049/115/16 1050/114/16
f 718/127/17 1036/128/17 1048/117/17 719/116/17
f 1036/128/17 1035/129/17 1047/118/17 1048/117/17
f 1035/129/17 1034/130/17 1046/119/17 1047/118/17
f 1034/130/17 1033/131/17 1045/79/17 1046/119/17
f 1033/131/17 1032/132/17 1044/80/17 1045/79/17
f 1031/133/6 1043/120/6 1165/120/6 1163/133/6
f 1031/133/17 1030/134/17 1042/121/17 1043/120/17
f 1030/134/17 1029/135/17 1041/122/17 1042/121/17
f 1029/135/17 1028/136/17 1040/123/17 1041/122/17
f 1028/136/17 1027/137/17 1039/124/17 1040/123/17
f 1027/137/17 1026/138/17 1038/125/17 1039/124/17
f 1026/138/17 1025/139/17 1037/126/17 1038/125/17
f 717/140/19 1024/141/19 1036/128/19 718/127/19
f 1024/141/19 1023/142/19 1035/129/19 1036/128/19
f 1023/142/19 1022/143/19 1034/130/19 1035/129/19
f 1022/143/19 1021/144/19 1033/131/19 1034/130/19
f 1021/144/19 1020/145/19 1032/132/19 1033/131/19
f 1032/132/1 1020/145/1 1162/145/1 1164/132/1
f 1019/146/19 1018/147/19 1030/134/19 1031/133/19
f 1018/147/19 1017/148/19 1029/135/19 1030/134/19
f 1017/148/19 1016/149/19 1028/136/19 1029/135/19
f 1016/149/19 1015/150/19 1027/137/19 1028/136/19
f 1015/150/19 1014/151/19 1026/138/19 1027/137/19
f 1014/151/19 1013/152/19 1025/139/19 1026/138/19
f 716/153/20 1012/154/20 1024/141/20 717/140/20
f 1012/154/20 1011/155/20 1023/142/20 1024/141/20
f 1011/155/20 1010/156/20 1022/143/20 1023/142/20
f 1010/156/20 1009/157/20 1021/144/20 1022/143/20
f 1009/157/20 1008/158/20 1020/145/20 1021/144/20
f 1008/158/48 1007/159/48 1159/159/48 1160/158/48
f 1007/159/1 995/160/1 1174/160/1 1176/159/1
f 1006/161/20 1005/162/20 1017/148/20 1018/147/20
f 1005/162/20 1004/163/20 1016/149/20 1017/148/20
f 1004/163/20 1003/164/20 1015/150/20 1016/149/20
f 1003/164/20 1002/165/20 1014/151/20 1015/150/20
f 1002/165/20 1001/166/20 1013/152/20 1014/151/20
f 715/167/22 1000/168/22 1012/154/22 716/153/22
f 1000/168/22 999/169/22 1011/155/22 1012/154/22
f 999/169/22 998/170/22 1010/156/22 1011/155/22
f 998/170/22 997/171/22 1009/157/22 1010/156/22
f 997/171/22 996/172/22 1008/158/22 1009/157/22
f 996/172/22 995/160/22 1007/159/22 1008/158/22
f 1006/161/6 1018/147/6 1177/147/6 1175/161/6
f 994/173/22 993/174/22 1005/162/22 1006/161/22
f 993/174/22 992/175/22 1004/163/22 1005/162/22
f 992/175/22 991/176/22 1003/164/22 1004/163/22
f 991/176/22 990/177/22 1002/165/22 1003/164/22
f 990/177/22 989/178/22 1001/166/22 1002/165/22
f 714/179/23 988/180/23 1000/168/23 715/167/23
f 988/180/23 987/181/23 999/169/23 1000/168/23
f 987/181/23 986/182/23 998/170/23 999/169/23
f 986/182/23 985/183/23 997/171/23 998/170/23
f 985/183/23 984/184/23 996/172/23 997/171/23
f 984/184/23 983/185/23 995/160/23 996/172/23
f 971/186/49 970/187/49 1169/187/49 1170/186/49
f 982/188/23 981/189/23 993/174/23 994/173/23
f 981/189/23 980/190/23 992/175/23 993/174/23
f 980/190/23 979/191/23 991/176/23 992/175/23
f 979/191/23 978/192/23 990/177/23 991/176/23
f 978/192/23 977/193/23 989/178/23 990/177/23
f 713/194/24 976/195/24 988/180/24 714/179/24
f 976/195/24 975/196/24 987/181/24 988/180/24
f 975/196/24 974/197/24 986/182/24 987/181/24
f 974/197/24 973/198/24 985/183/24 986/182/24
f 973/198/24 972/199/24 984/184/24 985/183/24
f 972/199/24 971/186/24 983/185/24 984/184/24
f 970/187/6 982/188/6 1171/188/6 1169/187/6
f 958/200/1 946/201/1 1182/201/1 1184/200/1
f 969/202/24 968/203/24 980/190/24 981/189/24
f 968/203/24 967/204/24 979/191/24 980/190/24
f 967/204/24 966/205/24 978/192/24 979/191/24
f 966/205/24 965/206/24 977/193/24 978/192/24
f 712/207/25 964/208/25 976/195/25 713/194/25
f 964/208/25 963/209/25 975/196/25 976/195/25
f 963/209/25 962/210/25 974/197/25 975/196/25
f 962/210/25 961/211/25 973/198/25 974/197/25
f 961/211/25 960/212/25 972/199/25 973/198/25
f 960/212/25 959/213/25 971/186/25 972/199/25
f 959/213/25 958/200/25 970/187/25 971/186/25
f 934/214/4 933/215/4 1179/215/4 1180/214/4
f 957/216/25 956/217/25 968/203/25 969/202/25
f 956/217/25 955/218/25 967/204/25 968/203/25
f 955/218/25 954/219/25 966/205/25 967/204/25
f 954/219/25 953/220/25 965/206/25 966/205/25
f 711/221/26 952/222/26 964/208/26 712/207/26
f 952/222/26 951/223/26 963/209/26 964/208/26
f 951/223/26 950/224/26 962/210/26 963/209/26
f 950/224/26 949/225/26 961/211/26 962/210/26
f 949/225/26 948/226/26 960/212/26 961/211/26
f 948/226/26 947/227/26 959/213/26 960/212/26
f 947/227/26 946/201/26 958/200/26 959/213/26
f 970/187/1 958/200/1 1184/200/1 1186/187/1
f 945/228/26 944/229/26 956/217/26 957/216/26
f 944/229/26 943/230/26 955/218/26 956/217/26
f 943/230/26 942/231/26 954/219/26 955/218/26
f 942/231/26 941/232/26 953/220/26 954/219/26
f 710/233/28 940/234/28 952/222/28 711/221/28
f 940/234/28 939/235/28 951/223/28 952/222/28
f 939/235/28 938/236/28 950/224/28 951/223/28
f 938/236/28 937/237/28 949/225/28 950/224/28
f 937/237/28 936/238/28 948/226/28 949/225/28
f 936/238/28 935/239/28 947/227/28 948/226/28
f 935/239/28 934/214/28 946/201/28 947/227/28
f 933/215/6 945/228/6 1181/228/6 1179/215/6
f 920/240/6 932/241/6 1195/241/6 1193/240/6
f 932/241/28 931/242/28 943/230/28 944/229/28
f 931/242/28 930/243/28 942/231/28 943/230/28
f 930/243/28 929/244/28 941/232/28 942/231/28
f 709/245/29 928/246/29 940/234/29 710/233/29
f 928/246/29 927/247/29 939/235/29 940/234/29
f 927/247/29 926/248/29 938/236/29 939/235/29
f 926/248/29 925/249/29 937/237/29 938/236/29
f 925/249/29 924/250/29 936/238/29 937/237/29
f 924/250/29 923/251/29 935/239/29 936/238/29
f 923/251/29 922/252/29 934/214/29 935/239/29
f 922/252/29 921/253/29 933/215/29 934/214/29
f 921/253/1 909/254/1 1192/254/1 1194/253/1
f 920/240/29 919/255/29 931/242/29 932/241/29
f 919/255/29 918/256/29 930/243/29 931/242/29
f 918/256/29 917/257/29 929/244/29 930/243/29
f 708/258/30 916/259/30 928/246/30 709/245/30
f 916/259/30 915/260/30 927/247/30 928/246/30
f 915/260/30 914/261/30 926/248/30 927/247/30
f 914/261/30 913/262/30 925/249/30 926/248/30
f 913/262/30 912/263/30 924/250/30 925/249/30
f 912/263/30 911/264/30 923/251/30 924/250/30
f 911/264/30 910/265/30 922/252/30 923/251/30
f 910/265/30 909/254/30 921/253/30 922/252/30
f 932/241/6 944/229/6 1197/229/6 1195/241/6
f 908/266/30 907/267/30 919/255/30 920/240/30
f 907/267/30 906/268/30 918/256/30 919/255/30
f 906/268/30 905/269/30 917/257/30 918/256/30
f 707/270/32 904/271/32 916/259/32 708/258/32
f 904/271/32 903/272/32 915/260/32 916/259/32
f 903/272/32 902/273/32 914/261/32 915/260/32
f 902/273/32 901/274/32 913/262/32 914/261/32
f 901/274/32 900/275/32 912/263/32 913/262/32
f 900/275/32 899/276/32 911/264/32 912/263/32
f 899/276/32 898/277/32 910/265/32 911/264/32
f 898/277/32 897/278/32 909/254/32 910/265/32
f 933/215/1 921/253/1 1194/253/1 1196/215/1
f 860/279/11 859/280/11 1199/280/11 1200/279/11
f 895/281/32 894/282/32 906/268/32 907/267/32
f 894/282/32 893/283/32 905/269/32 906/268/32
f 706/284/34 892/285/34 904/271/34 707/270/34
f 892/285/34 891/286/34 903/272/34 904/271/34
f 891/286/34 890/287/34 902/273/34 903/272/34
f 890/287/34 889/288/34 901/274/34 902/273/34
f 889/288/34 888/289/34 900/275/34 901/274/34
f 888/289/34 887/290/34 899/276/34 900/275/34
f 887/290/34 886/291/34 898/277/34 899/276/34
f 886/291/34 885/292/34 897/278/34 898/277/34
f 885/292/34 884/293/34 896/294/34 897/278/34
f 896/294/1 884/293/1 1204/293/1 1206/294/1
f 883/295/34 882/296/34 894/282/34 895/281/34
f 882/296/34 881/297/34 893/283/34 894/282/34
f 705/298/35 880/299/35 892/285/35 706/284/35
f 880/299/35 879/300/35 891/286/35 892/285/35
f 879/300/35 878/301/35 890/287/35 891/286/35
f 878/301/35 877/302/35 889/288/35 890/287/35
f 877/302/35 876/303/35 888/289/35 889/288/35
f 876/303/35 875/304/35 887/290/35 888/289/35
f 875/304/35 874/305/35 886/291/35 887/290/35
f 874/305/35 873/306/35 885/292/35 886/291/35
f 873/306/35 872/307/35 884/293/35 885/292/35
f 895/281/6 907/267/6 1207/267/6 1205/281/6
f 871/308/35 870/309/35 882/296/35 883/295/35
f 870/309/35 869/310/35 881/297/35 882/296/35
f 704/311/36 868/312/36 880/299/36 705/298/36
f 868/312/36 867/313/36 879/300/36 880/299/36
f 867/313/36 866/314/36 878/301/36 879/300/36
f 866/314/36 865/315/36 877/302/36 878/301/36
f 865/315/36 864/316/36 876/303/36 877/302/36
f 864/316/36 863/317/36 875/304/36 876/303/36
f 863/317/36 862/318/36 874/305/36 875/304/36
f 862/318/36 861/319/36 873/306/36 874/305/36
f 861/319/36 860/279/36 872/307/36 873/306/36
f 859/280/6 871/308/6 1201/308/6 1199/280/6
f 823/320/52 822/321/52 1209/321/52 1210/320/52
f 858/322/36 857/323/36 869/310/36 870/309/36
f 703/324/37 856/325/37 868/312/37 704/311/37
f 856/325/37 855/326/37 867/313/37 868/312/37
f 855/326/37 854/327/37 866/314/37 867/313/37
f 854/327/37 853/328/37 865/315/37 866/314/37
f 853/328/37 852/329/37 864/316/37 865/315/37
f 852/329/37 851/330/37 863/317/37 864/316/37
f 851/330/37 850/331/37 862/318/37 863/317/37
f 850/331/37 849/332/37 861/319/37 862/318/37
f 849/332/37 848/333/37 860/279/37 861/319/37
f 848/333/37 847/334/37 859/280/37 860/279/37
f 871/308/1 859/280/1 1216/280/1 1218/308/1
f 846/335/37 845/336/37 857/323/37 858/322/37
f 856/325/82 703/324/82 1117/324/82 1118/325/82
f 844/337/39 843/338/39 855/326/39 856/325/39
f 843/338/39 842/339/39 854/327/39 855/326/39
f 842/339/39 841/340/39 853/328/39 854/327/39
f 841/340/39 840/341/39 852/329/39 853/328/39
f 840/341/39 839/342/39 851/330/39 852/329/39
f 839/342/39 838/343/39 850/331/39 851/330/39
f 838/343/39 837/344/39 849/332/39 850/331/39
f 837/344/39 836/345/39 848/333/39 849/332/39
f 836/345/39 835/346/39 847/334/39 848/333/39
f 835/346/1 823/320/1 1210/320/1 1212/346/1
f 834/347/39 833/348/39 845/336/39 846/335/39
f 844/337/6 856/325/6 1118/325/6 1116/337/6
f 832/349/40 831/350/40 843/338/40 844/337/40
f 831/350/40 830/351/40 842/339/40 843/338/40
f 830/351/40 829/352/40 841/340/40 842/339/40
f 829/352/40 828/353/40 840/341/40 841/340/40
f 828/353/40 827/354/40 839/342/40 840/341/40
f 827/354/40 826/355/40 838/343/40 839/342/40
f 826/355/40 825/356/40 837/344/40 838/343/40
f 825/356/40 824/357/40 836/345/40 837/344/40
f 824/357/40 823/320/40 835/346/40 836/345/40
f 834/347/6 846/335/6 1213/335/6 1211/347/6
f 822/321/1 810/358/1 1224/358/1 1226/321/1
f 808/359/6 820/360/6 1112/360/6 1109/359/6
f 820/360/41 819/361/41 831/350/41 832/349/41
f 819/361/41 818/362/41 830/351/41 831/350/41
f 818/362/41 817/363/41 829/352/41 830/351/41
f 817/363/41 816/364/41 828/353/41 829/352/41
f 816/364/41 815/365/41 827/354/41 828/353/41
f 815/365/41 814/366/41 826/355/41 827/354/41
f 814/366/41 813/367/41 825/356/41 826/355/41
f 813/367/41 812/368/41 824/357/41 825/356/41
f 812/368/41 811/369/41 823/320/41 824/357/41
f 811/369/41 810/358/41 822/321/41 823/320/41
f 785/370/6 797/371/6 1221/371/6 1219/370/6
f 700/8/1 699/7/1 1110/7/1 1111/8/1
f 795/372/6 807/373/6 1125/373/6 1123/372/6
f 807/373/43 806/374/43 818/362/43 819/361/43
f 806/374/43 805/375/43 817/363/43 818/362/43
f 805/375/43 804/376/43 816/364/43 817/363/43
f 804/376/43 803/377/43 815/365/43 816/364/43
f 803/377/43 802/378/43 814/366/43 815/365/43
f 802/378/43 801/379/43 813/367/43 814/366/43
f 801/379/43 800/380/43 812/368/43 813/367/43
f 800/380/43 799/381/43 811/369/43 812/368/43
f 799/381/43 798/382/43 810/358/43 811/369/43
f 786/383/53 785/370/53 1219/370/53 1220/383/53
f 698/384/44 796/385/44 808/359/44 699/386/44
f 808/359/1 796/385/1 1124/385/1 1126/359/1
f 795/372/44 794/387/44 806/374/44 807/373/44
f 794/387/44 793/388/44 805/375/44 806/374/44
f 793/388/44 792/389/44 804/376/44 805/375/44
f 792/389/44 791/390/44 803/377/44 804/376/44
f 791/390/44 790/391/44 802/378/44 803/377/44
f 790/391/44 789/392/44 801/379/44 802/378/44
f 789/392/44 788/393/44 800/380/44 801/379/44
f 788/393/44 787/394/44 799/381/44 800/380/44
f 787/394/44 786/383/44 798/382/44 799/381/44
f 834/347/1 822/321/1 1226/321/1 1228/347/1
f 697/395/45 784/396/45 796/385/45 698/384/45
f 807/373/6 819/361/6 1127/361/6 1125/373/6
f 783/397/45 782/398/45 794/387/45 795/372/45
f 782/398/45 781/399/45 793/388/45 794/387/45
f 781/399/45 780/400/45 792/389/45 793/388/45
f 780/400/45 779/401/45 791/390/45 792/389/45
f 779/401/45 778/402/45 790/391/45 791/390/45
f 778/402/45 777/403/45 789/392/45 790/391/45
f 777/403/45 776/404/45 788/393/45 789/392/45
f 776/404/45 775/405/45 787/394/45 788/393/45
f 775/405/45 774/406/45 786/383/45 787/394/45
f 774/406/45 773/407/45 785/370/45 786/383/45
f 696/408/2 772/409/2 784/396/2 697/395/2
f 771/410/6 783/397/6 1121/397/6 1119/410/6
f 726/38/83 727/40/83 1130/40/83 1129/38/83
f 770/411/2 769/412/2 781/399/2 782/398/2
f 769/412/2 768/413/2 780/400/2 781/399/2
f 768/413/2 767/414/2 779/401/2 780/400/2
f 767/414/2 766/415/2 778/402/2 779/401/2
f 766/415/2 765/416/2 777/403/2 778/402/2
f 765/416/2 764/417/2 776/404/2 777/403/2
f 764/417/2 763/418/2 775/405/2 776/404/2
f 763/418/2 762/419/2 774/406/2 775/405/2
f 762/419/2 761/420/2 773/407/2 774/406/2
f 695/421/3 760/422/3 772/409/3 696/408/3
f 760/422/3 759/423/3 771/410/3 772/409/3
f 783/397/1 771/410/1 1136/410/1 1138/397/1
f 758/424/3 757/425/3 769/412/3 770/411/3
f 757/425/3 756/426/3 768/413/3 769/412/3
f 756/426/3 755/427/3 767/414/3 768/413/3
f 755/427/3 754/428/3 766/415/3 767/414/3
f 754/428/3 753/429/3 765/416/3 766/415/3
f 753/429/3 752/430/3 764/417/3 765/416/3
f 752/430/3 751/431/3 763/418/3 764/417/3
f 751/431/3 750/432/3 762/419/3 763/418/3
f 750/432/3 749/433/3 761/420/3 762/419/3
f 694/434/5 748/435/5 760/422/5 695/421/5
f 748/435/5 747/436/5 759/423/5 760/422/5
f 746/41/6 758/424/6 1133/424/6 1131/41/6
f 746/41/5 745/65/5 757/425/5 758/424/5
f 745/65/5 744/437/5 756/426/5 757/425/5
f 744/437/5 743/438/5 755/427/5 756/426/5
f 743/438/5 742/439/5 754/428/5 755/427/5
f 742/439/5 741/440/5 753/429/5 754/428/5
f 741/440/5 740/441/5 752/430/5 753/429/5
f 740/441/5 739/442/5 751/431/5 752/430/5
f 739/442/5 738/443/5 750/432/5 751/431/5
f 738/443/5 737/444/5 749/433/5 750/432/5
f 693/445/8 725/446/8 748/435/8 694/434/8
f 725/446/8 726/447/8 747/436/8 748/435/8
f 747/436/1 726/447/1 1129/447/1 1132/436/1
f 1094/64/1 1082/78/1 1144/78/1 1146/64/1
f 728/448/8 729/449/8 744/437/8 745/65/8
f 729/449/8 730/450/8 743/438/8 744/437/8
f 730/450/8 731/451/8 742/439/8 743/438/8
f 731/451/8 732/452/8 741/440/8 742/439/8
f 732/452/8 733/453/8 740/441/8 741/440/8
f 733/453/8 734/454/8 739/442/8 740/441/8
f 734/454/8 735/455/8 738/443/8 739/442/8
f 735/455/8 736/456/8 737/444/8 738/443/8
f 1115/457/39 1116/337/39 1118/325/39 1117/324/39
f 1113/458/40 1114/349/40 1116/337/40 1115/457/40
f 1111/459/41 1112/360/41 1114/349/41 1113/458/41
f 1110/386/43 1109/359/43 1112/360/43 1111/459/43
f 832/349/6 844/337/6 1116/337/6 1114/349/6
f 703/11/1 702/10/1 1115/10/1 1117/11/1
f 699/386/84 808/359/84 1109/359/84 1110/386/84
f 820/360/6 832/349/6 1114/349/6 1112/360/6
f 702/10/1 701/9/1 1113/9/1 1115/10/1
f 701/9/1 700/8/1 1111/8/1 1113/9/1
f 1126/359/43 1125/373/43 1127/361/43 1128/360/43
f 1124/385/44 1123/372/44 1125/373/44 1126/359/44
f 1122/396/45 1121/397/45 1123/372/45 1124/385/45
f 1120/409/2 1119/410/2 1121/397/2 1122/396/2
f 796/385/1 784/396/1 1122/396/1 1124/385/1
f 772/409/85 771/410/85 1119/410/85 1120/409/85
f 783/397/6 795/372/6 1123/372/6 1121/397/6
f 784/396/1 772/409/1 1120/409/1 1122/396/1
f 820/360/1 808/359/1 1126/359/1 1128/360/1
f 819/361/86 820/360/86 1128/360/86 1127/361/86
f 1136/410/2 1135/411/2 1137/398/2 1138/397/2
f 1134/423/3 1133/424/3 1135/411/3 1136/410/3
f 1132/436/5 1131/41/5 1133/424/5 1134/423/5
f 1129/447/8 1130/42/8 1131/41/8 1132/436/8
f 727/42/6 746/41/6 1131/41/6 1130/42/6
f 771/410/1 759/423/1 1134/423/1 1136/410/1
f 770/411/6 782/398/6 1137/398/6 1135/411/6
f 782/398/87 783/397/87 1138/397/87 1137/398/87
f 759/423/1 747/436/1 1132/436/1 1134/423/1
f 758/424/6 770/411/6 1135/411/6 1133/424/6
f 1148/39/9 1147/43/9 1140/46/9 1139/40/9
f 1146/64/10 1145/66/10 1147/43/10 1148/39/10
f 1144/78/12 1143/94/12 1145/66/12 1146/64/12
f 1139/42/8 1140/448/8 1141/65/8 1142/41/8
f 1081/94/6 1093/66/6 1145/66/6 1143/94/6
f 1082/78/88 1081/94/88 1143/94/88 1144/78/88
f 727/40/1 1106/39/1 1148/39/1 1139/40/1
f 728/448/6 745/65/6 1141/65/6 1140/448/6
f 1106/39/1 1094/64/1 1146/64/1 1148/39/1
f 1105/43/6 728/46/6 1140/46/6 1147/43/6
f 1156/94/12 1155/81/12 1157/67/12 1158/66/12
f 1154/93/13 1153/96/13 1155/81/13 1156/94/13
f 1152/95/14 1151/108/14 1153/96/14 1154/93/14
f 1150/79/16 1149/80/16 1151/108/16 1152/95/16
f 1056/108/6 1068/96/6 1153/96/6 1151/108/6
f 1093/66/1 1081/94/1 1156/94/1 1158/66/1
f 1092/67/46 1093/66/46 1158/66/46 1157/67/46
f 1044/80/6 1056/108/6 1151/108/6 1149/80/6
f 1081/94/1 1069/93/1 1154/93/1 1156/94/1
f 1080/81/6 1092/67/6 1157/67/6 1155/81/6
f 1166/80/16 1165/120/16 1167/109/16 1168/108/16
f 1164/132/17 1163/133/17 1165/120/17 1166/80/17
f 1162/145/19 1161/146/19 1163/133/19 1164/132/19
f 1160/158/20 1159/159/20 1161/146/20 1162/145/20
f 1020/145/1 1008/158/1 1160/158/1 1162/145/1
f 1019/146/6 1031/133/6 1163/133/6 1161/146/6
f 1056/108/1 1044/80/1 1166/80/1 1168/108/1
f 1007/159/6 1019/146/6 1161/146/6 1159/159/6
f 1043/120/6 1055/109/6 1167/109/6 1165/120/6
f 1044/80/1 1032/132/1 1164/132/1 1166/80/1
f 1176/159/20 1175/161/20 1177/147/20 1178/146/20
f 1174/160/22 1173/173/22 1175/161/22 1176/159/22
f 1172/185/23 1171/188/23 1173/173/23 1174/160/23
f 1170/186/24 1169/187/24 1171/188/24 1172/185/24
f 1018/147/42 1019/146/42 1178/146/42 1177/147/42
f 994/173/6 1006/161/6 1175/161/6 1173/173/6
f 995/160/1 983/185/1 1172/185/1 1174/160/1
f 982/188/6 994/173/6 1173/173/6 1171/188/6
f 983/185/1 971/186/1 1170/186/1 1172/185/1
f 1019/146/1 1007/159/1 1176/159/1 1178/146/1
f 1186/187/24 1185/202/24 1187/189/24 1188/188/24
f 1184/200/25 1183/216/25 1185/202/25 1186/187/25
f 1182/201/26 1181/228/26 1183/216/26 1184/200/26
f 1180/214/28 1179/215/28 1181/228/28 1182/201/28
f 957/216/6 969/202/6 1185/202/6 1183/216/6
f 982/188/1 970/187/1 1186/187/1 1188/188/1
f 981/189/50 982/188/50 1188/188/50 1187/189/50
f 946/201/1 934/214/1 1180/214/1 1182/201/1
f 945/228/6 957/216/6 1183/216/6 1181/228/6
f 969/202/6 981/189/6 1187/189/6 1185/202/6
f 1196/215/28 1195/241/28 1197/229/28 1198/228/28
f 1194/253/29 1193/240/29 1195/241/29 1196/215/29
f 1192/254/30 1191/266/30 1193/240/30 1194/253/30
f 1190/278/32 1189/294/32 1191/266/32 1192/254/32
f 897/278/51 896/294/51 1189/294/51 1190/278/51
f 909/254/1 897/278/1 1190/278/1 1192/254/1
f 908/266/6 920/240/6 1193/240/6 1191/266/6
f 945/228/1 933/215/1 1196/215/1 1198/228/1
f 944/229/7 945/228/7 1198/228/7 1197/229/7
f 896/294/6 908/266/6 1191/266/6 1189/294/6
f 1206/294/32 1205/281/32 1207/267/32 1208/266/32
f 1204/293/34 1203/295/34 1205/281/34 1206/294/34
f 1202/307/35 1201/308/35 1203/295/35 1204/293/35
f 1200/279/36 1199/280/36 1201/308/36 1202/307/36
f 884/293/1 872/307/1 1202/307/1 1204/293/1
f 883/295/6 895/281/6 1205/281/6 1203/295/6
f 907/267/15 908/266/15 1208/266/15 1207/267/15
f 872/307/1 860/279/1 1200/279/1 1202/307/1
f 871/308/6 883/295/6 1203/295/6 1201/308/6
f 908/266/1 896/294/1 1206/294/1 1208/266/1
f 1216/280/36 1215/322/36 1217/309/36 1218/308/36
f 1214/334/37 1213/335/37 1215/322/37 1216/280/37
f 1212/346/39 1211/347/39 1213/335/39 1214/334/39
f 1210/320/40 1209/321/40 1211/347/40 1212/346/40
f 822/321/6 834/347/6 1211/347/6 1209/321/6
f 870/309/18 871/308/18 1218/308/18 1217/309/18
f 858/322/6 870/309/6 1217/309/6 1215/322/6
f 859/280/1 847/334/1 1214/334/1 1216/280/1
f 846/335/6 858/322/6 1215/322/6 1213/335/6
f 847/334/1 835/346/1 1212/346/1 1214/334/1
f 1227/348/21 1228/347/21 1270/347/21 1269/348/21
f 1226/321/1 1224/358/1 1266/358/1 1268/321/1
f 1220/383/53 1219/370/53 1261/370/53 1262/383/53
f 1221/371/6 1223/461/6 1265/461/6 1263/371/6
f 821/460/6 833/348/6 1227/348/6 1225/460/6
f 833/348/21 834/347/21 1228/347/21 1227/348/21
f 810/358/1 798/382/1 1222/382/1 1224/358/1
f 809/461/6 821/460/6 1225/460/6 1223/461/6
f 797/371/6 809/461/6 1223/461/6 1221/371/6
f 798/382/1 786/383/1 1220/383/1 1222/382/1
f 1229/1/1 1230/2/1 1231/3/1 1232/4/1 1233/5/1 1234/6/1 1235/7/1 1236/8/1 1237/9/1 1238/10/1 1239/11/1 1240/12/1 1241/13/1 1242/14/1 1243/15/1 1244/16/1 1245/17/1 1246/18/1 1247/19/1 1248/20/1 1249/21/1 1250/22/1 1251/23/1 1252/24/1 1253/25/1 1254/26/1 1255/27/1 1256/28/1 1257/29/1 1258/30/1 1259/31/1 1260/32/1
f 695/421/26 696/408/26 1232/408/26 1231/421/26
f 722/75/34 723/61/34 1259/61/34 1258/75/34
f 702/10/17 703/11/17 1239/11/17 1238/10/17
f 709/245/8 710/233/8 1246/233/8 1245/245/8
f 716/153/41 717/140/41 1253/140/41 1252/153/41
f 696/408/25 697/395/25 1233/395/25 1232/408/25
f 723/61/32 724/33/32 1260/33/32 1259/61/32
f 703/324/16 704/311/16 1240/311/16 1239/324/16
f 710/233/5 711/221/5 1247/221/5 1246/233/5
f 717/140/40 718/127/40 1254/127/40 1253/140/40
f 697/395/24 698/384/24 1234/384/24 1233/395/24
f 724/33/30 693/36/30 1229/36/30 1260/33/30
f 704/311/14 705/298/14 1241/298/14 1240/311/14
f 711/221/3 712/207/3 1248/207/3 1247/221/3
f 718/127/39 719/116/39 1255/116/39 1254/127/39
f 698/384/23 699/386/23 1235/386/23 1234/384/23
f 705/298/13 706/284/13 1242/284/13 1241/298/13
f 712/207/2 713/194/2 1249/194/2 1248/207/2
f 719/116/37 720/104/37 1256/104/37 1255/116/37
f 699/7/22 700/8/22 1236/8/22 1235/7/22
f 706/284/12 707/270/12 1243/270/12 1242/284/12
f 713/194/45 714/179/45 1250/179/45 1249/194/45
f 693/445/29 694/434/29 1230/434/29 1229/445/29
f 720/104/36 721/89/36 1257/89/36 1256/104/36
f 700/8/20 701/9/20 1237/9/20 1236/8/20
f 707/270/10 708/258/10 1244/258/10 1243/270/10
f 714/179/44 715/167/44 1251/167/44 1250/179/44
f 694/434/28 695/421/28 1231/421/28 1230/434/28
f 721/89/35 722/75/35 1258/75/35 1257/89/35
f 701/9/19 702/10/19 1238/10/19 1237/9/19
f 708/258/9 709/245/9 1245/245/9 1244/258/9
f 1268/321/40 1267/460/40 1269/348/40 1270/347/40
f 1266/358/41 1265/461/41 1267/460/41 1268/321/41
f 1264/382/43 1263/371/43 1265/461/43 1266/358/43
f 1262/383/44 1261/370/44 1263/371/44 1264/382/44
f 1222/382/1 1220/383/1 1262/383/1 1264/382/1
f 1223/461/6 1225/460/6 1267/460/6 1265/461/6
f 1228/347/1 1226/321/1 1268/321/1 1270/347/1
f 1219/370/6 1221/371/6 1263/371/6 1261/370/6
f 1224/358/1 1222/382/1 1264/382/1 1266/358/1
f 1225/460/6 1227/348/6 1269/348/6 1267/460/6
f 2519/490/6 1414/491/6 1274/464/6 1310/492/6
f 1345/493/6 1449/494/6 1344/495/6 1273/465/6
f 1449/494/6 1484/496/6 1343/497/6 1344/495/6
f 1484/496/6 1519/498/6 1342/499/6 1343/497/6
f 1519/498/6 1554/500/6 1341/501/6 1342/499/6
f 1554/500/6 1589/502/6 1340/503/6 1341/501/6
f 1589/502/6 1624/504/6 1339/505/6 1340/503/6
f 1624/504/6 1659/506/6 1338/507/6 1339/505/6
f 1659/506/6 1694/508/6 1337/509/6 1338/507/6
f 1694/508/6 1729/510/6 1336/511/6 1337/509/6
f 1729/510/6 1764/512/6 1335/513/6 1336/511/6
f 1764/512/6 1799/514/6 1334/515/6 1335/513/6
f 1799/514/6 1834/516/6 1333/517/6 1334/515/6
f 1834/516/6 1859/518/6 1332/519/6 1333/517/6
f 1859/518/6 1884/520/6 1331/521/6 1332/519/6
f 1884/520/6 1909/522/6 1330/523/6 1331/521/6
f 1909/522/6 1934/524/6 1329/525/6 1330/523/6
f 1934/524/6 1959/526/6 1328/527/6 1329/525/6
f 1959/526/6 1984/528/6 1327/529/6 1328/527/6
f 1984/528/6 2009/530/6 1326/531/6 1327/529/6
f 2009/530/6 2034/532/6 1325/533/6 1326/531/6
f 2034/532/6 2059/534/6 1324/535/6 1325/533/6
f 2059/534/6 2084/536/6 1323/537/6 1324/535/6
f 2084/536/6 2109/538/6 1322/539/6 1323/537/6
f 2109/538/6 2134/540/6 1321/541/6 1322/539/6
f 2134/540/6 2169/542/6 1320/543/6 1321/541/6
f 2169/542/6 2204/544/6 1319/545/6 1320/543/6
f 2204/544/6 2239/546/6 1318/547/6 1319/545/6
f 2239/546/6 2274/548/6 1317/549/6 1318/547/6
f 2274/548/6 2309/550/6 1316/551/6 1317/549/6
f 2309/550/6 2344/552/6 1315/553/6 1316/551/6
f 2344/552/6 2379/554/6 1314/555/6 1315/553/6
f 2379/554/6 2414/556/6 1313/557/6 1314/555/6
f 2414/556/6 2449/558/6 1312/559/6 1313/557/6
f 2449/558/6 2484/560/6 1311/561/6 1312/559/6
f 2484/560/6 2519/490/6 1310/492/6 1311/561/6
f 1308/562/6 1309/563/6 2485/564/6 2450/565/6
f 2450/565/6 2485/564/6 2486/566/6 2451/567/6
f 2451/567/6 2486/566/6 2487/568/6 2452/569/6
f 2452/569/6 2487/568/6 2488/570/6 2453/571/6
f 2453/571/6 2488/570/6 2489/572/6 2454/573/6
f 2454/573/6 2489/572/6 2490/574/6 2455/575/6
f 2455/575/6 2490/574/6 2491/576/6 2456/577/6
f 2456/577/6 2491/576/6 2492/578/6 2457/579/6
f 2457/579/6 2492/578/6 2493/580/6 2458/581/6
f 2458/581/6 2493/580/6 2494/582/6 2459/583/6
f 2459/583/6 2494/582/6 2495/584/6 2460/585/6
f 2460/585/6 2495/584/6 2496/586/6 2461/587/6
f 2461/587/6 2496/586/6 2497/588/6 2462/589/6
f 2462/589/6 2497/588/6 2498/590/6 2463/591/6
f 2463/591/6 2498/590/6 2499/592/6 2464/593/6
f 2464/593/6 2499/592/6 2500/594/6 2465/595/6
f 2465/595/6 2500/594/6 2501/596/6 2466/597/6
f 2466/597/6 2501/596/6 2502/598/6 2467/599/6
f 2467/599/6 2502/598/6 2503/600/6 2468/601/6
f 2468/601/6 2503/600/6 2504/602/6 2469/603/6
f 2469/603/6 2504/602/6 2505/604/6 2470/605/6
f 2470/605/6 2505/604/6 2506/606/6 2471/607/6
f 2471/607/6 2506/606/6 2507/608/6 2472/609/6
f 2472/609/6 2507/608/6 2508/610/6 2473/611/6
f 2473/611/6 2508/610/6 2509/612/6 2474/613/6
f 2474/613/6 2509/612/6 2510/614/6 2475/615/6
f 2475/615/6 2510/614/6 2511/616/6 2476/617/6
f 2476/617/6 2511/616/6 2512/618/6 2477/619/6
f 2477/619/6 2512/618/6 2513/620/6 2478/621/6
f 2478/621/6 2513/620/6 2514/622/6 2479/623/6
f 2479/623/6 2514/622/6 2515/624/6 2480/625/6
f 2480/625/6 2515/624/6 2516/626/6 2481/627/6
f 2481/627/6 2516/626/6 2517/628/6 2482/629/6
f 2482/629/6 2517/628/6 2518/630/6 2483/631/6
f 2483/631/6 2518/630/6 2519/490/6 2484/560/6
f 1307/632/6 1308/562/6 2450/565/6 2415/633/6
f 2415/633/6 2450/565/6 2451/567/6 2416/634/6
f 2416/634/6 2451/567/6 2452/569/6 2417/635/6
f 2417/635/6 2452/569/6 2453/571/6 2418/636/6
f 2418/636/6 2453/571/6 2454/573/6 2419/637/6
f 2419/637/6 2454/573/6 2455/575/6 2420/638/6
f 2420/638/6 2455/575/6 2456/577/6 2421/639/6
f 2421/639/6 2456/577/6 2457/579/6 2422/640/6
f 2422/640/6 2457/579/6 2458/581/6 2423/641/6
f 2423/641/6 2458/581/6 2459/583/6 2424/642/6
f 2424/642/6 2459/583/6 2460/585/6 2425/643/6
f 2425/643/6 2460/585/6 2461/587/6 2426/644/6
f 2426/644/6 2461/587/6 2462/589/6 2427/645/6
f 2427/645/6 2462/589/6 2463/591/6 2428/646/6
f 2428/646/6 2463/591/6 2464/593/6 2429/647/6
f 2429/647/6 2464/593/6 2465/595/6 2430/648/6
f 2430/648/6 2465/595/6 2466/597/6 2431/649/6
f 2431/649/6 2466/597/6 2467/599/6 2432/650/6
f 2432/650/6 2467/599/6 2468/601/6 2433/651/6
f 2433/651/6 2468/601/6 2469/603/6 2434/652/6
f 2434/652/6 2469/603/6 2470/605/6 2435/653/6
f 2435/653/6 2470/605/6 2471/607/6 2436/654/6
f 2436/654/6 2471/607/6 2472/609/6 2437/655/6
f 2437/655/6 2472/609/6 2473/611/6 2438/656/6
f 2438/656/6 2473/611/6 2474/613/6 2439/657/6
f 2439/657/6 2474/613/6 2475/615/6 2440/658/6
f 2440/658/6 2475/615/6 2476/617/6 2441/659/6
f 2441/659/6 2476/617/6 2477/619/6 2442/660/6
f 2442/660/6 2477/619/6 2478/621/6 2443/661/6
f 2443/661/6 2478/621/6 2479/623/6 2444/662/6
f 2444/662/6 2479/623/6 2480/625/6 2445/663/6
f 2445/663/6 2480/625/6 2481/627/6 2446/664/6
f 2446/664/6 2481/627/6 2482/629/6 2447/665/6
f 2447/665/6 2482/629/6 2483/631/6 2448/666/6
f 2448/666/6 2483/631/6 2484/560/6 2449/558/6
f 1306/667/6 1307/632/6 2415/633/6 2380/668/6
f 2380/668/6 2415/633/6 2416/634/6 2381/669/6
f 2381/669/6 2416/634/6 2417/635/6 2382/670/6
f 2382/670/6 2417/635/6 2418/636/6 2383/671/6
f 2383/671/6 2418/636/6 2419/637/6 2384/672/6
f 2384/672/6 2419/637/6 2420/638/6 2385/673/6
f 2385/673/6 2420/638/6 2421/639/6 2386/674/6
f 2386/674/6 2421/639/6 2422/640/6 2387/675/6
f 2387/675/6 2422/640/6 2423/641/6 2388/676/6
f 2388/676/6 2423/641/6 2424/642/6 2389/677/6
f 2389/677/6 2424/642/6 2425/643/6 2390/678/6
f 2390/678/6 2425/643/6 2426/644/6 2391/679/6
f 2391/679/6 2426/644/6 2427/645/6 2392/680/6
f 2392/680/6 2427/645/6 2428/646/6 2393/681/6
f 2393/681/6 2428/646/6 2429/647/6 2394/682/6
f 2394/682/6 2429/647/6 2430/648/6 2395/683/6
f 2395/683/6 2430/648/6 2431/649/6 2396/684/6
f 2396/684/6 2431/649/6 2432/650/6 2397/685/6
f 2397/685/6 2432/650/6 2433/651/6 2398/686/6
f 2398/686/6 2433/651/6 2434/652/6 2399/687/6
f 2399/687/6 2434/652/6 2435/653/6 2400/688/6
f 2400/688/6 2435/653/6 2436/654/6 2401/689/6
f 2401/689/6 2436/654/6 2437/655/6 2402/690/6
f 2402/690/6 2437/655/6 2438/656/6 2403/691/6
f 2403/691/6 2438/656/6 2439/657/6 2404/692/6
f 2404/692/6 2439/657/6 2440/658/6 2405/693/6
f 2405/693/6 2440/658/6 2441/659/6 2406/694/6
f 2406/694/6 2441/659/6 2442/660/6 2407/695/6
f 2407/695/6 2442/660/6 2443/661/6 2408/696/6
f 2408/696/6 2443/661/6 2444/662/6 2409/697/6
f 2409/697/6 2444/662/6 2445/663/6 2410/698/6
f 2410/698/6 2445/663/6 2446/664/6 2411/699/6
f 2411/699/6 2446/664/6 2447/665/6 2412/700/6
f 2412/700/6 2447/665/6 2448/666/6 2413/701/6
f 2413/701/6 2448/666/6 2449/558/6 2414/556/6
f 1305/702/6 1306/667/6 2380/668/6 2345/703/6
f 2345/703/6 2380/668/6 2381/669/6 2346/704/6
f 2346/704/6 2381/669/6 2382/670/6 2347/705/6
f 2347/705/6 2382/670/6 2383/671/6 2348/706/6
f 2348/706/6 2383/671/6 2384/672/6 2349/707/6
f 2349/707/6 2384/672/6 2385/673/6 2350/708/6
f 2350/708/6 2385/673/6 2386/674/6 2351/709/6
f 2351/709/6 2386/674/6 2387/675/6 2352/710/6
f 2352/710/6 2387/675/6 2388/676/6 2353/711/6
f 2353/711/6 2388/676/6 2389/677/6 2354/712/6
f 2354/712/6 2389/677/6 2390/678/6 2355/713/6
f 2355/713/6 2390/678/6 2391/679/6 2356/714/6
f 2356/714/6 2391/679/6 2392/680/6 2357/715/6
f 2357/715/6 2392/680/6 2393/681/6 2358/716/6
f 2358/716/6 2393/681/6 2394/682/6 2359/717/6
f 2359/717/6 2394/682/6 2395/683/6 2360/718/6
f 2360/718/6 2395/683/6 2396/684/6 2361/719/6
f 2361/719/6 2396/684/6 2397/685/6 2362/720/6
f 2362/720/6 2397/685/6 2398/686/6 2363/721/6
f 2363/721/6 2398/686/6 2399/687/6 2364/722/6
f 2364/722/6 2399/687/6 2400/688/6 2365/723/6
f 2365/723/6 2400/688/6 2401/689/6 2366/724/6
f 2366/724/6 2401/689/6 2402/690/6 2367/725/6
f 2367/725/6 2402/690/6 2403/691/6 2368/726/6
f 2368/726/6 2403/691/6 2404/692/6 2369/727/6
f 2369/727/6 2404/692/6 2405/693/6 2370/728/6
f 2370/728/6 2405/693/6 2406/694/6 2371/729/6
f 2371/729/6 2406/694/6 2407/695/6 2372/730/6
f 2372/730/6 2407/695/6 2408/696/6 2373/731/6
f 2373/731/6 2408/696/6 2409/697/6 2374/732/6
f 2374/732/6 2409/697/6 2410/698/6 2375/733/6
f 2375/733/6 2410/698/6 2411/699/6 2376/734/6
f 2376/734/6 2411/699/6 2412/700/6 2377/735/6
f 2377/735/6 2412/700/6 2413/701/6 2378/736/6
f 2378/736/6 2413/701/6 2414/556/6 2379/554/6
f 1304/737/6 1305/702/6 2345/703/6 2310/738/6
f 2310/738/6 2345/703/6 2346/704/6 2311/739/6
f 2311/739/6 2346/704/6 2347/705/6 2312/740/6
f 2312/740/6 2347/705/6 2348/706/6 2313/741/6
f 2313/741/6 2348/706/6 2349/707/6 2314/742/6
f 2314/742/6 2349/707/6 2350/708/6 2315/743/6
f 2315/743/6 2350/708/6 2351/709/6 2316/744/6
f 2316/744/6 2351/709/6 2352/710/6 2317/745/6
f 2317/745/6 2352/710/6 2353/711/6 2318/746/6
f 2318/746/6 2353/711/6 2354/712/6 2319/747/6
f 2319/747/6 2354/712/6 2355/713/6 2320/748/6
f 2320/748/6 2355/713/6 2356/714/6 2321/749/6
f 2321/749/6 2356/714/6 2357/715/6 2322/750/6
f 2322/750/6 2357/715/6 2358/716/6 2323/751/6
f 2323/751/6 2358/716/6 2359/717/6 2324/752/6
f 2324/752/6 2359/717/6 2360/718/6 2325/753/6
f 2325/753/6 2360/718/6 2361/719/6 2326/754/6
f 2326/754/6 2361/719/6 2362/720/6 2327/755/6
f 2327/755/6 2362/720/6 2363/721/6 2328/756/6
f 2328/756/6 2363/721/6 2364/722/6 2329/757/6
f 2329/757/6 2364/722/6 2365/723/6 2330/758/6
f 2330/758/6 2365/723/6 2366/724/6 2331/759/6
f 2331/759/6 2366/724/6 2367/725/6 2332/760/6
f 2332/760/6 2367/725/6 2368/726/6 2333/761/6
f 2333/761/6 2368/726/6 2369/727/6 2334/762/6
f 2334/762/6 2369/727/6 2370/728/6 2335/763/6
f 2335/763/6 2370/728/6 2371/729/6 2336/764/6
f 2336/764/6 2371/729/6 2372/730/6 2337/765/6
f 2337/765/6 2372/730/6 2373/731/6 2338/766/6
f 2338/766/6 2373/731/6 2374/732/6 2339/767/6
f 2339/767/6 2374/732/6 2375/733/6 2340/768/6
f 2340/768/6 2375/733/6 2376/734/6 2341/769/6
f 2341/769/6 2376/734/6 2377/735/6 2342/770/6
f 2342/770/6 2377/735/6 2378/736/6 2343/771/6
f 2343/771/6 2378/736/6 2379/554/6 2344/552/6
f 1303/772/6 1304/737/6 2310/738/6 2275/773/6
f 2275/773/6 2310/738/6 2311/739/6 2276/774/6
f 2276/774/6 2311/739/6 2312/740/6 2277/775/6
f 2277/775/6 2312/740/6 2313/741/6 2278/776/6
f 2278/776/6 2313/741/6 2314/742/6 2279/777/6
f 2279/777/6 2314/742/6 2315/743/6 2280/778/6
f 2280/778/6 2315/743/6 2316/744/6 2281/779/6
f 2281/779/6 2316/744/6 2317/745/6 2282/780/6
f 2282/780/6 2317/745/6 2318/746/6 2283/781/6
f 2283/781/6 2318/746/6 2319/747/6 2284/782/6
f 2284/782/6 2319/747/6 2320/748/6 2285/783/6
f 2285/783/6 2320/748/6 2321/749/6 2286/784/6
f 2286/784/6 2321/749/6 2322/750/6 2287/785/6
f 2287/785/6 2322/750/6 2323/751/6 2288/786/6
f 2288/786/6 2323/751/6 2324/752/6 2289/787/6
f 2289/787/6 2324/752/6 2325/753/6 2290/788/6
f 2290/788/6 2325/753/6 2326/754/6 2291/789/6
f 2291/789/6 2326/754/6 2327/755/6 2292/790/6
f 2292/790/6 2327/755/6 2328/756/6 2293/791/6
f 2293/791/6 2328/756/6 2329/757/6 2294/792/6
f 2294/792/6 2329/757/6 2330/758/6 2295/793/6
f 2295/793/6 2330/758/6 2331/759/6 2296/794/6
f 2296/794/6 2331/759/6 2332/760/6 2297/795/6
f 2297/795/6 2332/760/6 2333/761/6 2298/796/6
f 2298/796/6 2333/761/6 2334/762/6 2299/797/6
f 2299/797/6 2334/762/6 2335/763/6 2300/798/6
f 2300/798/6 2335/763/6 2336/764/6 2301/799/6
f 2301/799/6 2336/764/6 2337/765/6 2302/800/6
f 2302/800/6 2337/765/6 2338/766/6 2303/801/6
f 2303/801/6 2338/766/6 2339/767/6 2304/802/6
f 2304/802/6 2339/767/6 2340/768/6 2305/803/6
f 2305/803/6 2340/768/6 2341/769/6 2306/804/6
f 2306/804/6 2341/769/6 2342/770/6 2307/805/6
f 2307/805/6 2342/770/6 2343/771/6 2308/806/6
f 2308/806/6 2343/771/6 2344/552/6 2309/550/6
f 1302/807/6 1303/772/6 2275/773/6 2240/808/6
f 2240/808/6 2275/773/6 2276/774/6 2241/809/6
f 2241/809/6 2276/774/6 2277/775/6 2242/810/6
f 2242/810/6 2277/775/6 2278/776/6 2243/811/6
f 2243/811/6 2278/776/6 2279/777/6 2244/812/6
f 2244/812/6 2279/777/6 2280/778/6 2245/813/6
f 2245/813/6 2280/778/6 2281/779/6 2246/814/6
f 2246/814/6 2281/779/6 2282/780/6 2247/815/6
f 2247/815/6 2282/780/6 2283/781/6 2248/816/6
f 2248/816/6 2283/781/6 2284/782/6 2249/817/6
f 2249/817/6 2284/782/6 2285/783/6 2250/818/6
f 2250/818/6 2285/783/6 2286/784/6 2251/819/6
f 2251/819/6 2286/784/6 2287/785/6 2252/820/6
f 2252/820/6 2287/785/6 2288/786/6 2253/821/6
f 2253/821/6 2288/786/6 2289/787/6 2254/822/6
f 2254/822/6 2289/787/6 2290/788/6 2255/823/6
f 2255/823/6 2290/788/6 2291/789/6 2256/824/6
f 2256/824/6 2291/789/6 2292/790/6 2257/825/6
f 2257/825/6 2292/790/6 2293/791/6 2258/826/6
f 2258/826/6 2293/791/6 2294/792/6 2259/827/6
f 2259/827/6 2294/792/6 2295/793/6 2260/828/6
f 2260/828/6 2295/793/6 2296/794/6 2261/829/6
f 2261/829/6 2296/794/6 2297/795/6 2262/830/6
f 2262/830/6 2297/795/6 2298/796/6 2263/831/6
f 2263/831/6 2298/796/6 2299/797/6 2264/832/6
f 2264/832/6 2299/797/6 2300/798/6 2265/833/6
f 2265/833/6 2300/798/6 2301/799/6 2266/834/6
f 2266/834/6 2301/799/6 2302/800/6 2267/835/6
f 2267/835/6 2302/800/6 2303/801/6 2268/836/6
f 2268/836/6 2303/801/6 2304/802/6 2269/837/6
f 2269/837/6 2304/802/6 2305/803/6 2270/838/6
f 2270/838/6 2305/803/6 2306/804/6 2271/839/6
f 2271/839/6 2306/804/6 2307/805/6 2272/840/6
f 2272/840/6 2307/805/6 2308/806/6 2273/841/6
f 2273/841/6 2308/806/6 2309/550/6 2274/548/6
f 1301/842/6 1302/807/6 2240/808/6 2205/843/6
f 2205/843/6 2240/808/6 2241/809/6 2206/844/6
f 2206/844/6 2241/809/6 2242/810/6 2207/845/6
f 2207/845/6 2242/810/6 2243/811/6 2208/846/6
f 2208/846/6 2243/811/6 2244/812/6 2209/847/6
f 2209/847/6 2244/812/6 2245/813/6 2210/848/6
f 2210/848/6 2245/813/6 2246/814/6 2211/849/6
f 2211/849/6 2246/814/6 2247/815/6 2212/850/6
f 2212/850/6 2247/815/6 2248/816/6 2213/851/6
f 2213/851/6 2248/816/6 2249/817/6 2214/852/6
f 2214/852/6 2249/817/6 2250/818/6 2215/853/6
f 2215/853/6 2250/818/6 2251/819/6 2216/854/6
f 2216/854/6 2251/819/6 2252/820/6 2217/855/6
f 2217/855/6 2252/820/6 2253/821/6 2218/856/6
f 2218/856/6 2253/821/6 2254/822/6 2219/857/6
f 2219/857/6 2254/822/6 2255/823/6 2220/858/6
f 2220/858/6 2255/823/6 2256/824/6 2221/859/6
f 2221/859/6 2256/824/6 2257/825/6 2222/458/6
f 2222/458/6 2257/825/6 2258/826/6 2223/350/6
f 2223/350/6 2258/826/6 2259/827/6 2224/860/6
f 2224/860/6 2259/827/6 2260/828/6 2225/861/6
f 2225/861/6 2260/828/6 2261/829/6 2226/862/6
f 2226/862/6 2261/829/6 2262/830/6 2227/863/6
f 2227/863/6 2262/830/6 2263/831/6 2228/460/6
f 2228/460/6 2263/831/6 2264/832/6 2229/864/6
f 2229/864/6 2264/832/6 2265/833/6 2230/865/6
f 2230/865/6 2265/833/6 2266/834/6 2231/866/6
f 2231/866/6 2266/834/6 2267/835/6 2232/867/6
f 2232/867/6 2267/835/6 2268/836/6 2233/868/6
f 2233/868/6 2268/836/6 2269/837/6 2234/869/6
f 2234/869/6 2269/837/6 2270/838/6 2235/870/6
f 2235/870/6 2270/838/6 2271/839/6 2236/871/6
f 2236/871/6 2271/839/6 2272/840/6 2237/872/6
f 2237/872/6 2272/840/6 2273/841/6 2238/873/6
f 2238/873/6 2273/841/6 2274/548/6 2239/546/6
f 1300/874/6 1301/842/6 2205/843/6 2170/875/6
f 2170/875/6 2205/843/6 2206/844/6 2171/876/6
f 2171/876/6 2206/844/6 2207/845/6 2172/877/6
f 2172/877/6 2207/845/6 2208/846/6 2173/878/6
f 2173/878/6 2208/846/6 2209/847/6 2174/879/6
f 2174/879/6 2209/847/6 2210/848/6 2175/880/6
f 2175/880/6 2210/848/6 2211/849/6 2176/881/6
f 2176/881/6 2211/849/6 2212/850/6 2177/882/6
f 2177/882/6 2212/850/6 2213/851/6 2178/883/6
f 2178/883/6 2213/851/6 2214/852/6 2179/884/6
f 2179/884/6 2214/852/6 2215/853/6 2180/885/6
f 2180/885/6 2215/853/6 2216/854/6 2181/886/6
f 2181/886/6 2216/854/6 2217/855/6 2182/887/6
f 2182/887/6 2217/855/6 2218/856/6 2183/888/6
f 2183/888/6 2218/856/6 2219/857/6 2184/889/6
f 2184/889/6 2219/857/6 2220/858/6 2185/890/6
f 2185/890/6 2220/858/6 2221/859/6 2186/891/6
f 2186/891/6 2221/859/6 2222/458/6 2187/892/6
f 2187/892/6 2222/458/6 2223/350/6 2188/893/6
f 2188/893/6 2223/350/6 2224/860/6 2189/894/6
f 2189/894/6 2224/860/6 2225/861/6 2190/895/6
f 2190/895/6 2225/861/6 2226/862/6 2191/896/6
f 2191/896/6 2226/862/6 2227/863/6 2192/897/6
f 2192/897/6 2227/863/6 2228/460/6 2193/898/6
f 2193/898/6 2228/460/6 2229/864/6 2194/899/6
f 2194/899/6 2229/864/6 2230/865/6 2195/900/6
f 2195/900/6 2230/865/6 2231/866/6 2196/901/6
f 2196/901/6 2231/866/6 2232/867/6 2197/902/6
f 2197/902/6 2232/867/6 2233/868/6 2198/903/6
f 2198/903/6 2233/868/6 2234/869/6 2199/904/6
f 2199/904/6 2234/869/6 2235/870/6 2200/905/6
f 2200/905/6 2235/870/6 2236/871/6 2201/906/6
f 2201/906/6 2236/871/6 2237/872/6 2202/907/6
f 2202/907/6 2237/872/6 2238/873/6 2203/908/6
f 2203/908/6 2238/873/6 2239/546/6 2204/544/6
f 1299/909/6 1300/874/6 2170/875/6 2135/910/6
f 2135/910/6 2170/875/6 2171/876/6 2136/911/6
f 2136/911/6 2171/876/6 2172/877/6 2137/912/6
f 2137/912/6 2172/877/6 2173/878/6 2138/913/6
f 2138/913/6 2173/878/6 2174/879/6 2139/914/6
f 2139/914/6 2174/879/6 2175/880/6 2140/915/6
f 2140/915/6 2175/880/6 2176/881/6 2141/916/6
f 2141/916/6 2176/881/6 2177/882/6 2142/917/6
f 2142/917/6 2177/882/6 2178/883/6 2143/918/6
f 2143/918/6 2178/883/6 2179/884/6 2144/919/6
f 2144/919/6 2179/884/6 2180/885/6 2145/920/6
f 2145/920/6 2180/885/6 2181/886/6 2146/921/6
f 2146/921/6 2181/886/6 2182/887/6 2147/922/6
f 2147/922/6 2182/887/6 2183/888/6 2148/923/6
f 2148/923/6 2183/888/6 2184/889/6 2149/924/6
f 2149/924/6 2184/889/6 2185/890/6 2150/925/6
f 2150/925/6 2185/890/6 2186/891/6 2151/926/6
f 2151/926/6 2186/891/6 2187/892/6 2152/927/6
f 2152/927/6 2187/892/6 2188/893/6 2153/928/6
f 2153/928/6 2188/893/6 2189/894/6 2154/929/6
f 2154/929/6 2189/894/6 2190/895/6 2155/930/6
f 2155/930/6 2190/895/6 2191/896/6 2156/931/6
f 2156/931/6 2191/896/6 2192/897/6 2157/932/6
f 2157/932/6 2192/897/6 2193/898/6 2158/933/6
f 2158/933/6 2193/898/6 2194/899/6 2159/934/6
f 2159/934/6 2194/899/6 2195/900/6 2160/935/6
f 2160/935/6 2195/900/6 2196/901/6 2161/936/6
f 2161/936/6 2196/901/6 2197/902/6 2162/937/6
f 2162/937/6 2197/902/6 2198/903/6 2163/938/6
f 2163/938/6 2198/903/6 2199/904/6 2164/939/6
f 2164/939/6 2199/904/6 2200/905/6 2165/940/6
f 2165/940/6 2200/905/6 2201/906/6 2166/941/6
f 2166/941/6 2201/906/6 2202/907/6 2167/942/6
f 2167/942/6 2202/907/6 2203/908/6 2168/943/6
f 2168/943/6 2203/908/6 2204/544/6 2169/542/6
f 1298/944/6 1299/909/6 2135/910/6 2110/945/6
f 2110/945/6 2135/910/6 2136/911/6 2111/946/6
f 2111/946/6 2136/911/6 2137/912/6 2112/947/6
f 2112/947/6 2137/912/6 2138/913/6 2113/948/6
f 2113/948/6 2138/913/6 2139/914/6 2114/949/6
f 2114/949/6 2139/914/6 2140/915/6 2115/950/6
f 2115/950/6 2140/915/6 2141/916/6 2116/951/6
f 2116/951/6 2141/916/6 2142/917/6 2117/952/6
f 2117/952/6 2142/917/6 2143/918/6 2118/953/6
f 2118/953/6 2143/918/6 2144/919/6 2119/954/6
f 2119/954/6 2144/919/6 2145/920/6 2120/955/6
f 2120/955/6 2145/920/6 2146/921/6 2121/956/6
f 2121/956/6 2146/921/6 2147/922/6 2122/957/6
f 2122/957/6 2147/922/6 2148/923/6 2123/958/6
f 2123/958/6 2148/923/6 2149/924/6 2124/959/6
f 2125/960/6 2160/935/6 2161/936/6 2126/961/6
f 2126/961/6 2161/936/6 2162/937/6 2127/962/6
f 2127/962/6 2162/937/6 2163/938/6 2128/963/6
f 2128/963/6 2163/938/6 2164/939/6 2129/964/6
f 2129/964/6 2164/939/6 2165/940/6 2130/965/6
f 2130/965/6 2165/940/6 2166/941/6 2131/966/6
f 2131/966/6 2166/941/6 2167/942/6 2132/967/6
f 2132/967/6 2167/942/6 2168/943/6 2133/968/6
f 2133/968/6 2168/943/6 2169/542/6 2134/540/6
f 1297/969/6 1298/944/6 2110/945/6 2085/970/6
f 2085/970/6 2110/945/6 2111/946/6 2086/971/6
f 2086/971/6 2111/946/6 2112/947/6 2087/972/6
f 2087/972/6 2112/947/6 2113/948/6 2088/973/6
f 2088/973/6 2113/948/6 2114/949/6 2089/974/6
f 2089/974/6 2114/949/6 2115/950/6 2090/975/6
f 2090/975/6 2115/950/6 2116/951/6 2091/976/6
f 2091/976/6 2116/951/6 2117/952/6 2092/977/6
f 2092/977/6 2117/952/6 2118/953/6 2093/978/6
f 2093/978/6 2118/953/6 2119/954/6 2094/979/6
f 2094/979/6 2119/954/6 2120/955/6 2095/980/6
f 2095/980/6 2120/955/6 2121/956/6 2096/981/6
f 2096/981/6 2121/956/6 2122/957/6 2097/982/6
f 2097/982/6 2122/957/6 2123/958/6 2098/983/6
f 2098/983/6 2123/958/6 2124/959/6 2099/984/6
f 2100/985/6 2125/960/6 2126/961/6 2101/986/6
f 2101/986/6 2126/961/6 2127/962/6 2102/987/6
f 2102/987/6 2127/962/6 2128/963/6 2103/988/6
f 2103/988/6 2128/963/6 2129/964/6 2104/989/6
f 2104/989/6 2129/964/6 2130/965/6 2105/990/6
f 2105/990/6 2130/965/6 2131/966/6 2106/991/6
f 2106/991/6 2131/966/6 2132/967/6 2107/992/6
f 2107/992/6 2132/967/6 2133/968/6 2108/993/6
f 2108/993/6 2133/968/6 2134/540/6 2109/538/6
f 1296/994/6 1297/969/6 2085/970/6 2060/995/6
f 2060/995/6 2085/970/6 2086/971/6 2061/996/6
f 2061/996/6 2086/971/6 2087/972/6 2062/997/6
f 2062/997/6 2087/972/6 2088/973/6 2063/998/6
f 2063/998/6 2088/973/6 2089/974/6 2064/999/6
f 2064/999/6 2089/974/6 2090/975/6 2065/1000/6
f 2065/1000/6 2090/975/6 2091/976/6 2066/1001/6
f 2066/1001/6 2091/976/6 2092/977/6 2067/1002/6
f 2067/1002/6 2092/977/6 2093/978/6 2068/1003/6
f 2068/1003/6 2093/978/6 2094/979/6 2069/1004/6
f 2069/1004/6 2094/979/6 2095/980/6 2070/1005/6
f 2070/1005/6 2095/980/6 2096/981/6 2071/1006/6
f 2071/1006/6 2096/981/6 2097/982/6 2072/1007/6
f 2072/1007/6 2097/982/6 2098/983/6 2073/1008/6
f 2073/1008/6 2098/983/6 2099/984/6 2074/1009/6
f 2075/1010/6 2100/985/6 2101/986/6 2076/1011/6
f 2076/1011/6 2101/986/6 2102/987/6 2077/1012/6
f 2077/1012/6 2102/987/6 2103/988/6 2078/1013/6
f 2078/1013/6 2103/988/6 2104/989/6 2079/1014/6
f 2079/1014/6 2104/989/6 2105/990/6 2080/1015/6
f 2080/1015/6 2105/990/6 2106/991/6 2081/1016/6
f 2081/1016/6 2106/991/6 2107/992/6 2082/1017/6
f 2082/1017/6 2107/992/6 2108/993/6 2083/1018/6
f 2083/1018/6 2108/993/6 2109/538/6 2084/536/6
f 1295/1019/6 1296/994/6 2060/995/6 2035/1020/6
f 2035/1020/6 2060/995/6 2061/996/6 2036/1021/6
f 2036/1021/6 2061/996/6 2062/997/6 2037/1022/6
f 2037/1022/6 2062/997/6 2063/998/6 2038/1023/6
f 2038/1023/6 2063/998/6 2064/999/6 2039/1024/6
f 2039/1024/6 2064/999/6 2065/1000/6 2040/1025/6
f 2040/1025/6 2065/1000/6 2066/1001/6 2041/1026/6
f 2041/1026/6 2066/1001/6 2067/1002/6 2042/1027/6
f 2042/1027/6 2067/1002/6 2068/1003/6 2043/1028/6
f 2043/1028/6 2068/1003/6 2069/1004/6 2044/1029/6
f 2044/1029/6 2069/1004/6 2070/1005/6 2045/1030/6
f 2045/1030/6 2070/1005/6 2071/1006/6 2046/1031/6
f 2046/1031/6 2071/1006/6 2072/1007/6 2047/1032/6
f 2047/1032/6 2072/1007/6 2073/1008/6 2048/1033/6
f 2048/1033/6 2073/1008/6 2074/1009/6 2049/1034/6
f 2050/1035/6 2075/1010/6 2076/1011/6 2051/1036/6
f 2051/1036/6 2076/1011/6 2077/1012/6 2052/1037/6
f 2052/1037/6 2077/1012/6 2078/1013/6 2053/1038/6
f 2053/1038/6 2078/1013/6 2079/1014/6 2054/1039/6
f 2054/1039/6 2079/1014/6 2080/1015/6 2055/1040/6
f 2055/1040/6 2080/1015/6 2081/1016/6 2056/1041/6
f 2056/1041/6 2081/1016/6 2082/1017/6 2057/1042/6
f 2057/1042/6 2082/1017/6 2083/1018/6 2058/1043/6
f 2058/1043/6 2083/1018/6 2084/536/6 2059/534/6
f 1294/1044/6 1295/1019/6 2035/1020/6 2010/1045/6
f 2010/1045/6 2035/1020/6 2036/1021/6 2011/1046/6
f 2011/1046/6 2036/1021/6 2037/1022/6 2012/1047/6
f 2012/1047/6 2037/1022/6 2038/1023/6 2013/1048/6
f 2013/1048/6 2038/1023/6 2039/1024/6 2014/1049/6
f 2014/1049/6 2039/1024/6 2040/1025/6 2015/1050/6
f 2015/1050/6 2040/1025/6 2041/1026/6 2016/1051/6
f 2016/1051/6 2041/1026/6 2042/1027/6 2017/1052/6
f 2017/1052/6 2042/1027/6 2043/1028/6 2018/1053/6
f 2018/1053/6 2043/1028/6 2044/1029/6 2019/1054/6
f 2019/1054/6 2044/1029/6 2045/1030/6 2020/1055/6
f 2020/1055/6 2045/1030/6 2046/1031/6 2021/1056/6
f 2021/1056/6 2046/1031/6 2047/1032/6 2022/1057/6
f 2022/1057/6 2047/1032/6 2048/1033/6 2023/1058/6
f 2023/1058/6 2048/1033/6 2049/1034/6 2024/1059/6
f 2025/1060/6 2050/1035/6 2051/1036/6 2026/1061/6
f 2026/1061/6 2051/1036/6 2052/1037/6 2027/1062/6
f 2027/1062/6 2052/1037/6 2053/1038/6 2028/1063/6
f 2028/1063/6 2053/1038/6 2054/1039/6 2029/1064/6
f 2029/1064/6 2054/1039/6 2055/1040/6 2030/1065/6
f 2030/1065/6 2055/1040/6 2056/1041/6 2031/1066/6
f 2031/1066/6 2056/1041/6 2057/1042/6 2032/1067/6
f 2032/1067/6 2057/1042/6 2058/1043/6 2033/1068/6
f 2033/1068/6 2058/1043/6 2059/534/6 2034/532/6
f 1293/1069/6 1294/1044/6 2010/1045/6 1985/1070/6
f 1985/1070/6 2010/1045/6 2011/1046/6 1986/1071/6
f 1986/1071/6 2011/1046/6 2012/1047/6 1987/1072/6
f 1987/1072/6 2012/1047/6 2013/1048/6 1988/1073/6
f 1988/1073/6 2013/1048/6 2014/1049/6 1989/1074/6
f 1989/1074/6 2014/1049/6 2015/1050/6 1990/1075/6
f 1990/1075/6 2015/1050/6 2016/1051/6 1991/1076/6
f 1991/1076/6 2016/1051/6 2017/1052/6 1992/1077/6
f 1992/1077/6 2017/1052/6 2018/1053/6 1993/1078/6
f 1993/1078/6 2018/1053/6 2019/1054/6 1994/1079/6
f 1994/1079/6 2019/1054/6 2020/1055/6 1995/1080/6
f 1995/1080/6 2020/1055/6 2021/1056/6 1996/1081/6
f 1996/1081/6 2021/1056/6 2022/1057/6 1997/1082/6
f 1997/1082/6 2022/1057/6 2023/1058/6 1998/1083/6
f 1998/1083/6 2023/1058/6 2024/1059/6 1999/1084/6
f 2000/1085/6 2025/1060/6 2026/1061/6 2001/1086/6
f 2001/1086/6 2026/1061/6 2027/1062/6 2002/1087/6
f 2002/1087/6 2027/1062/6 2028/1063/6 2003/1088/6
f 2003/1088/6 2028/1063/6 2029/1064/6 2004/1089/6
f 2004/1089/6 2029/1064/6 2030/1065/6 2005/1090/6
f 2005/1090/6 2030/1065/6 2031/1066/6 2006/1091/6
f 2006/1091/6 2031/1066/6 2032/1067/6 2007/1092/6
f 2007/1092/6 2032/1067/6 2033/1068/6 2008/1093/6
f 2008/1093/6 2033/1068/6 2034/532/6 2009/530/6
f 1292/1094/6 1293/1069/6 1985/1070/6 1960/1095/6
f 1960/1095/6 1985/1070/6 1986/1071/6 1961/1096/6
f 1961/1096/6 1986/1071/6 1987/1072/6 1962/1097/6
f 1962/1097/6 1987/1072/6 1988/1073/6 1963/1098/6
f 1963/1098/6 1988/1073/6 1989/1074/6 1964/1099/6
f 1964/1099/6 1989/1074/6 1990/1075/6 1965/1100/6
f 1965/1100/6 1990/1075/6 1991/1076/6 1966/1101/6
f 1966/1101/6 1991/1076/6 1992/1077/6 1967/1102/6
f 1967/1102/6 1992/1077/6 1993/1078/6 1968/1103/6
f 1968/1103/6 1993/1078/6 1994/1079/6 1969/1104/6
f 1969/1104/6 1994/1079/6 1995/1080/6 1970/1105/6
f 1970/1105/6 1995/1080/6 1996/1081/6 1971/1106/6
f 1971/1106/6 1996/1081/6 1997/1082/6 1972/1107/6
f 1972/1107/6 1997/1082/6 1998/1083/6 1973/1108/6
f 1973/1108/6 1998/1083/6 1999/1084/6 1974/1109/6
f 1975/1110/6 2000/1085/6 2001/1086/6 1976/1111/6
f 1976/1111/6 2001/1086/6 2002/1087/6 1977/1112/6
f 1977/1112/6 2002/1087/6 2003/1088/6 1978/1113/6
f 1978/1113/6 2003/1088/6 2004/1089/6 1979/1114/6
f 1979/1114/6 2004/1089/6 2005/1090/6 1980/1115/6
f 1980/1115/6 2005/1090/6 2006/1091/6 1981/1116/6
f 1981/1116/6 2006/1091/6 2007/1092/6 1982/1117/6
f 1982/1117/6 2007/1092/6 2008/1093/6 1983/1118/6
f 1983/1118/6 2008/1093/6 2009/530/6 1984/528/6
f 1291/1119/6 1292/1094/6 1960/1095/6 1935/1120/6
f 1935/1120/6 1960/1095/6 1961/1096/6 1936/1121/6
f 1936/1121/6 1961/1096/6 1962/1097/6 1937/1122/6
f 1937/1122/6 1962/1097/6 1963/1098/6 1938/1123/6
f 1938/1123/6 1963/1098/6 1964/1099/6 1939/1124/6
f 1939/1124/6 1964/1099/6 1965/1100/6 1940/1125/6
f 1940/1125/6 1965/1100/6 1966/1101/6 1941/1126/6
f 1941/1126/6 1966/1101/6 1967/1102/6 1942/1127/6
f 1942/1127/6 1967/1102/6 1968/1103/6 1943/1128/6
f 1943/1128/6 1968/1103/6 1969/1104/6 1944/1129/6
f 1944/1129/6 1969/1104/6 1970/1105/6 1945/1130/6
f 1945/1130/6 1970/1105/6 1971/1106/6 1946/1131/6
f 1946/1131/6 1971/1106/6 1972/1107/6 1947/1132/6
f 1947/1132/6 1972/1107/6 1973/1108/6 1948/1133/6
f 1948/1133/6 1973/1108/6 1974/1109/6 1949/1134/6
f 1950/1135/6 1975/1110/6 1976/1111/6 1951/1136/6
f 1951/1136/6 1976/1111/6 1977/1112/6 1952/1137/6
f 1952/1137/6 1977/1112/6 1978/1113/6 1953/1138/6
f 1953/1138/6 1978/1113/6 1979/1114/6 1954/1139/6
f 1954/1139/6 1979/1114/6 1980/1115/6 1955/1140/6
f 1955/1140/6 1980/1115/6 1981/1116/6 1956/1141/6
f 1956/1141/6 1981/1116/6 1982/1117/6 1957/1142/6
f 1957/1142/6 1982/1117/6 1983/1118/6 1958/1143/6
f 1958/1143/6 1983/1118/6 1984/528/6 1959/526/6
f 1290/1144/6 1291/1119/6 1935/1120/6 1910/1145/6
f 1910/1145/6 1935/1120/6 1936/1121/6 1911/1146/6
f 1911/1146/6 1936/1121/6 1937/1122/6 1912/1147/6
f 1912/1147/6 1937/1122/6 1938/1123/6 1913/1148/6
f 1913/1148/6 1938/1123/6 1939/1124/6 1914/1149/6
f 1914/1149/6 1939/1124/6 1940/1125/6 1915/1150/6
f 1915/1150/6 1940/1125/6 1941/1126/6 1916/1151/6
f 1916/1151/6 1941/1126/6 1942/1127/6 1917/1152/6
f 1917/1152/6 1942/1127/6 1943/1128/6 1918/1153/6
f 1918/1153/6 1943/1128/6 1944/1129/6 1919/1154/6
f 1919/1154/6 1944/1129/6 1945/1130/6 1920/1155/6
f 1920/1155/6 1945/1130/6 1946/1131/6 1921/1156/6
f 1921/1156/6 1946/1131/6 1947/1132/6 1922/1157/6
f 1922/1157/6 1947/1132/6 1948/1133/6 1923/1158/6
f 1923/1158/6 1948/1133/6 1949/1134/6 1924/1159/6
f 1925/1160/6 1950/1135/6 1951/1136/6 1926/1161/6
f 1926/1161/6 1951/1136/6 1952/1137/6 1927/1162/6
f 1927/1162/6 1952/1137/6 1953/1138/6 1928/1163/6
f 1928/1163/6 1953/1138/6 1954/1139/6 1929/1164/6
f 1929/1164/6 1954/1139/6 1955/1140/6 1930/1165/6
f 1930/1165/6 1955/1140/6 1956/1141/6 1931/1166/6
f 1931/1166/6 1956/1141/6 1957/1142/6 1932/1167/6
f 1932/1167/6 1957/1142/6 1958/1143/6 1933/1168/6
f 1933/1168/6 1958/1143/6 1959/526/6 1934/524/6
f 1289/1169/6 1290/1144/6 1910/1145/6 1885/1170/6
f 1885/1170/6 1910/1145/6 1911/1146/6 1886/1171/6
f 1886/1171/6 1911/1146/6 1912/1147/6 1887/1172/6
f 1887/1172/6 1912/1147/6 1913/1148/6 1888/1173/6
f 1888/1173/6 1913/1148/6 1914/1149/6 1889/1174/6
f 1889/1174/6 1914/1149/6 1915/1150/6 1890/1175/6
f 1890/1175/6 1915/1150/6 1916/1151/6 1891/1176/6
f 1891/1176/6 1916/1151/6 1917/1152/6 1892/1177/6
f 1892/1177/6 1917/1152/6 1918/1153/6 1893/1178/6
f 1893/1178/6 1918/1153/6 1919/1154/6 1894/1179/6
f 1894/1179/6 1919/1154/6 1920/1155/6 1895/1180/6
f 1895/1180/6 1920/1155/6 1921/1156/6 1896/1181/6
f 1896/1181/6 1921/1156/6 1922/1157/6 1897/1182/6
f 1897/1182/6 1922/1157/6 1923/1158/6 1898/1183/6
f 1898/1183/6 1923/1158/6 1924/1159/6 1899/1184/6
f 1900/1185/6 1925/1160/6 1926/1161/6 1901/1186/6
f 1901/1186/6 1926/1161/6 1927/1162/6 1902/1187/6
f 1902/1187/6 1927/1162/6 1928/1163/6 1903/1188/6
f 1903/1188/6 1928/1163/6 1929/1164/6 1904/1189/6
f 1904/1189/6 1929/1164/6 1930/1165/6 1905/1190/6
f 1905/1190/6 1930/1165/6 1931/1166/6 1906/1191/6
f 1906/1191/6 1931/1166/6 1932/1167/6 1907/1192/6
f 1907/1192/6 1932/1167/6 1933/1168/6 1908/1193/6
f 1908/1193/6 1933/1168/6 1934/524/6 1909/522/6
f 1288/1194/6 1289/1169/6 1885/1170/6 1860/1195/6
f 1860/1195/6 1885/1170/6 1886/1171/6 1861/1196/6
f 1861/1196/6 1886/1171/6 1887/1172/6 1862/1197/6
f 1862/1197/6 1887/1172/6 1888/1173/6 1863/1198/6
f 1863/1198/6 1888/1173/6 1889/1174/6 1864/1199/6
f 1864/1199/6 1889/1174/6 1890/1175/6 1865/1200/6
f 1865/1200/6 1890/1175/6 1891/1176/6 1866/1201/6
f 1866/1201/6 1891/1176/6 1892/1177/6 1867/1202/6
f 1867/1202/6 1892/1177/6 1893/1178/6 1868/1203/6
f 1868/1203/6 1893/1178/6 1894/1179/6 1869/1204/6
f 1869/1204/6 1894/1179/6 1895/1180/6 1870/1205/6
f 1870/1205/6 1895/1180/6 1896/1181/6 1871/1206/6
f 1871/1206/6 1896/1181/6 1897/1182/6 1872/1207/6
f 1872/1207/6 1897/1182/6 1898/1183/6 1873/1208/6
f 1873/1208/6 1898/1183/6 1899/1184/6 1874/1209/6
f 1875/1210/6 1900/1185/6 1901/1186/6 1876/1211/6
f 1876/1211/6 1901/1186/6 1902/1187/6 1877/1212/6
f 1877/1212/6 1902/1187/6 1903/1188/6 1878/1213/6
f 1878/1213/6 1903/1188/6 1904/1189/6 1879/1214/6
f 1879/1214/6 1904/1189/6 1905/1190/6 1880/1215/6
f 1880/1215/6 1905/1190/6 1906/1191/6 1881/1216/6
f 1881/1216/6 1906/1191/6 1907/1192/6 1882/1217/6
f 1882/1217/6 1907/1192/6 1908/1193/6 1883/1218/6
f 1883/1218/6 1908/1193/6 1909/522/6 1884/520/6
f 1287/1219/6 1288/1194/6 1860/1195/6 1835/1220/6
f 1835/1220/6 1860/1195/6 1861/1196/6 1836/1221/6
f 1836/1221/6 1861/1196/6 1862/1197/6 1837/1222/6
f 1837/1222/6 1862/1197/6 1863/1198/6 1838/1223/6
f 1838/1223/6 1863/1198/6 1864/1199/6 1839/1224/6
f 1839/1224/6 1864/1199/6 1865/1200/6 1840/1225/6
f 1840/1225/6 1865/1200/6 1866/1201/6 1841/1226/6
f 1841/1226/6 1866/1201/6 1867/1202/6 1842/1227/6
f 1842/1227/6 1867/1202/6 1868/1203/6 1843/1228/6
f 1843/1228/6 1868/1203/6 1869/1204/6 1844/1229/6
f 1844/1229/6 1869/1204/6 1870/1205/6 1845/1230/6
f 1845/1230/6 1870/1205/6 1871/1206/6 1846/1231/6
f 1846/1231/6 1871/1206/6 1872/1207/6 1847/1232/6
f 1847/1232/6 1872/1207/6 1873/1208/6 1848/1233/6
f 1848/1233/6 1873/1208/6 1874/1209/6 1849/1234/6
f 1850/1235/6 1875/1210/6 1876/1211/6 1851/1236/6
f 1851/1236/6 1876/1211/6 1877/1212/6 1852/1237/6
f 1852/1237/6 1877/1212/6 1878/1213/6 1853/1238/6
f 1853/1238/6 1878/1213/6 1879/1214/6 1854/1239/6
f 1854/1239/6 1879/1214/6 1880/1215/6 1855/1240/6
f 1855/1240/6 1880/1215/6 1881/1216/6 1856/1241/6
f 1856/1241/6 1881/1216/6 1882/1217/6 1857/1242/6
f 1857/1242/6 1882/1217/6 1883/1218/6 1858/1243/6
f 1858/1243/6 1883/1218/6 1884/520/6 1859/518/6
f 1286/1244/6 1287/1219/6 1835/1220/6 1800/1245/6
f 1800/1245/6 1835/1220/6 1836/1221/6 1801/1246/6
f 1801/1246/6 1836/1221/6 1837/1222/6 1802/1247/6
f 1802/1247/6 1837/1222/6 1838/1223/6 1803/1248/6
f 1803/1248/6 1838/1223/6 1839/1224/6 1804/1249/6
f 1804/1249/6 1839/1224/6 1840/1225/6 1805/1250/6
f 1805/1250/6 1840/1225/6 1841/1226/6 1806/1251/6
f 1806/1251/6 1841/1226/6 1842/1227/6 1807/1252/6
f 1807/1252/6 1842/1227/6 1843/1228/6 1808/1253/6
f 1808/1253/6 1843/1228/6 1844/1229/6 1809/1254/6
f 1809/1254/6 1844/1229/6 1845/1230/6 1810/1255/6
f 1810/1255/6 1845/1230/6 1846/1231/6 1811/1256/6
f 1811/1256/6 1846/1231/6 1847/1232/6 1812/1257/6
f 1812/1257/6 1847/1232/6 1848/1233/6 1813/1258/6
f 1813/1258/6 1848/1233/6 1849/1234/6 1814/1259/6
f 1825/1260/6 1850/1235/6 1851/1236/6 1826/1261/6
f 1826/1261/6 1851/1236/6 1852/1237/6 1827/1262/6
f 1827/1262/6 1852/1237/6 1853/1238/6 1828/1263/6
f 1828/1263/6 1853/1238/6 1854/1239/6 1829/1264/6
f 1829/1264/6 1854/1239/6 1855/1240/6 1830/1265/6
f 1830/1265/6 1855/1240/6 1856/1241/6 1831/1266/6
f 1831/1266/6 1856/1241/6 1857/1242/6 1832/1267/6
f 1832/1267/6 1857/1242/6 1858/1243/6 1833/1268/6
f 1833/1268/6 1858/1243/6 1859/518/6 1834/516/6
f 1285/1269/6 1286/1244/6 1800/1245/6 1765/1270/6
f 1765/1270/6 1800/1245/6 1801/1246/6 1766/1271/6
f 1766/1271/6 1801/1246/6 1802/1247/6 1767/1272/6
f 1767/1272/6 1802/1247/6 1803/1248/6 1768/1273/6
f 1768/1273/6 1803/1248/6 1804/1249/6 1769/1274/6
f 1769/1274/6 1804/1249/6 1805/1250/6 1770/1275/6
f 1770/1275/6 1805/1250/6 1806/1251/6 1771/1276/6
f 1771/1276/6 1806/1251/6 1807/1252/6 1772/1277/6
f 1772/1277/6 1807/1252/6 1808/1253/6 1773/1278/6
f 1773/1278/6 1808/1253/6 1809/1254/6 1774/1279/6
f 1774/1279/6 1809/1254/6 1810/1255/6 1775/1280/6
f 1775/1280/6 1810/1255/6 1811/1256/6 1776/1281/6
f 1776/1281/6 1811/1256/6 1812/1257/6 1777/1282/6
f 1777/1282/6 1812/1257/6 1813/1258/6 1778/1283/6
f 1778/1283/6 1813/1258/6 1814/1259/6 1779/1284/6
f 1779/1284/6 1814/1259/6 1815/1285/6 1780/1286/6
f 1780/1286/6 1815/1285/6 1816/1287/6 1781/1288/6
f 1781/1288/6 1816/1287/6 1817/1289/6 1782/1290/6
f 1782/1290/6 1817/1289/6 1818/1291/6 1783/1292/6
f 1783/1292/6 1818/1291/6 1819/1293/6 1784/1294/6
f 1784/1294/6 1819/1293/6 1820/1295/6 1785/1296/6
f 1785/1296/6 1820/1295/6 1821/1297/6 1786/1298/6
f 1786/1298/6 1821/1297/6 1822/1299/6 1787/1300/6
f 1787/1300/6 1822/1299/6 1823/1301/6 1788/1302/6
f 1788/1302/6 1823/1301/6 1824/1303/6 1789/1304/6
f 1789/1304/6 1824/1303/6 1825/1260/6 1790/1305/6
f 1790/1305/6 1825/1260/6 1826/1261/6 1791/1306/6
f 1791/1306/6 1826/1261/6 1827/1262/6 1792/1307/6
f 1792/1307/6 1827/1262/6 1828/1263/6 1793/1308/6
f 1793/1308/6 1828/1263/6 1829/1264/6 1794/1309/6
f 1794/1309/6 1829/1264/6 1830/1265/6 1795/1310/6
f 1795/1310/6 1830/1265/6 1831/1266/6 1796/1311/6
f 1796/1311/6 1831/1266/6 1832/1267/6 1797/1312/6
f 1797/1312/6 1832/1267/6 1833/1268/6 1798/1313/6
f 1798/1313/6 1833/1268/6 1834/516/6 1799/514/6
f 1284/1314/6 1285/1269/6 1765/1270/6 1730/1315/6
f 1730/1315/6 1765/1270/6 1766/1271/6 1731/1316/6
f 1731/1316/6 1766/1271/6 1767/1272/6 1732/1317/6
f 1732/1317/6 1767/1272/6 1768/1273/6 1733/1318/6
f 1733/1318/6 1768/1273/6 1769/1274/6 1734/1319/6
f 1734/1319/6 1769/1274/6 1770/1275/6 1735/1320/6
f 1735/1320/6 1770/1275/6 1771/1276/6 1736/1321/6
f 1736/1321/6 1771/1276/6 1772/1277/6 1737/1322/6
f 1737/1322/6 1772/1277/6 1773/1278/6 1738/1323/6
f 1738/1323/6 1773/1278/6 1774/1279/6 1739/1324/6
f 1739/1324/6 1774/1279/6 1775/1280/6 1740/1325/6
f 1740/1325/6 1775/1280/6 1776/1281/6 1741/1326/6
f 1741/1326/6 1776/1281/6 1777/1282/6 1742/1327/6
f 1742/1327/6 1777/1282/6 1778/1283/6 1743/1328/6
f 1743/1328/6 1778/1283/6 1779/1284/6 1744/1329/6
f 1744/1329/6 1779/1284/6 1780/1286/6 1745/1330/6
f 1745/1330/6 1780/1286/6 1781/1288/6 1746/1331/6
f 1746/1331/6 1781/1288/6 1782/1290/6 1747/1332/6
f 1747/1332/6 1782/1290/6 1783/1292/6 1748/1333/6
f 1748/1333/6 1783/1292/6 1784/1294/6 1749/1334/6
f 1749/1334/6 1784/1294/6 1785/1296/6 1750/1335/6
f 1750/1335/6 1785/1296/6 1786/1298/6 1751/1336/6
f 1751/1336/6 1786/1298/6 1787/1300/6 1752/1337/6
f 1752/1337/6 1787/1300/6 1788/1302/6 1753/1338/6
f 1753/1338/6 1788/1302/6 1789/1304/6 1754/1339/6
f 1754/1339/6 1789/1304/6 1790/1305/6 1755/1340/6
f 1755/1340/6 1790/1305/6 1791/1306/6 1756/1341/6
f 1756/1341/6 1791/1306/6 1792/1307/6 1757/1342/6
f 1757/1342/6 1792/1307/6 1793/1308/6 1758/1343/6
f 1758/1343/6 1793/1308/6 1794/1309/6 1759/1344/6
f 1759/1344/6 1794/1309/6 1795/1310/6 1760/1345/6
f 1760/1345/6 1795/1310/6 1796/1311/6 1761/1346/6
f 1761/1346/6 1796/1311/6 1797/1312/6 1762/1347/6
f 1762/1347/6 1797/1312/6 1798/1313/6 1763/1348/6
f 1763/1348/6 1798/1313/6 1799/514/6 1764/512/6
f 1283/1349/6 1284/1314/6 1730/1315/6 1695/1350/6
f 1695/1350/6 1730/1315/6 1731/1316/6 1696/1351/6
f 1696/1351/6 1731/1316/6 1732/1317/6 1697/1352/6
f 1697/1352/6 1732/1317/6 1733/1318/6 1698/1353/6
f 1698/1353/6 1733/1318/6 1734/1319/6 1699/1354/6
f 1699/1354/6 1734/1319/6 1735/1320/6 1700/1355/6
f 1700/1355/6 1735/1320/6 1736/1321/6 1701/1356/6
f 1701/1356/6 1736/1321/6 1737/1322/6 1702/1357/6
f 1702/1357/6 1737/1322/6 1738/1323/6 1703/1358/6
f 1703/1358/6 1738/1323/6 1739/1324/6 1704/1359/6
f 1704/1359/6 1739/1324/6 1740/1325/6 1705/1360/6
f 1705/1360/6 1740/1325/6 1741/1326/6 1706/1361/6
f 1706/1361/6 1741/1326/6 1742/1327/6 1707/1362/6
f 1707/1362/6 1742/1327/6 1743/1328/6 1708/1363/6
f 1708/1363/6 1743/1328/6 1744/1329/6 1709/1364/6
f 1709/1364/6 1744/1329/6 1745/1330/6 1710/1365/6
f 1710/1365/6 1745/1330/6 1746/1331/6 1711/1366/6
f 1711/1366/6 1746/1331/6 1747/1332/6 1712/1367/6
f 1712/1367/6 1747/1332/6 1748/1333/6 1713/1368/6
f 1713/1368/6 1748/1333/6 1749/1334/6 1714/1369/6
f 1714/1369/6 1749/1334/6 1750/1335/6 1715/1370/6
f 1715/1370/6 1750/1335/6 1751/1336/6 1716/1371/6
f 1716/1371/6 1751/1336/6 1752/1337/6 1717/1372/6
f 1717/1372/6 1752/1337/6 1753/1338/6 1718/1373/6
f 1718/1373/6 1753/1338/6 1754/1339/6 1719/1374/6
f 1719/1374/6 1754/1339/6 1755/1340/6 1720/1375/6
f 1720/1375/6 1755/1340/6 1756/1341/6 1721/1376/6
f 1721/1376/6 1756/1341/6 1757/1342/6 1722/1377/6
f 1722/1377/6 1757/1342/6 1758/1343/6 1723/1378/6
f 1723/1378/6 1758/1343/6 1759/1344/6 1724/1379/6
f 1724/1379/6 1759/1344/6 1760/1345/6 1725/1380/6
f 1725/1380/6 1760/1345/6 1761/1346/6 1726/1381/6
f 1726/1381/6 1761/1346/6 1762/1347/6 1727/1382/6
f 1727/1382/6 1762/1347/6 1763/1348/6 1728/1383/6
f 1728/1383/6 1763/1348/6 1764/512/6 1729/510/6
f 1282/1384/6 1283/1349/6 1695/1350/6 1660/1385/6
f 1660/1385/6 1695/1350/6 1696/1351/6 1661/1386/6
f 1661/1386/6 1696/1351/6 1697/1352/6 1662/1387/6
f 1662/1387/6 1697/1352/6 1698/1353/6 1663/1388/6
f 1663/1388/6 1698/1353/6 1699/1354/6 1664/1389/6
f 1664/1389/6 1699/1354/6 1700/1355/6 1665/1390/6
f 1665/1390/6 1700/1355/6 1701/1356/6 1666/1391/6
f 1666/1391/6 1701/1356/6 1702/1357/6 1667/1392/6
f 1667/1392/6 1702/1357/6 1703/1358/6 1668/1393/6
f 1668/1393/6 1703/1358/6 1704/1359/6 1669/1394/6
f 1669/1394/6 1704/1359/6 1705/1360/6 1670/1395/6
f 1670/1395/6 1705/1360/6 1706/1361/6 1671/1396/6
f 1671/1396/6 1706/1361/6 1707/1362/6 1672/1397/6
f 1672/1397/6 1707/1362/6 1708/1363/6 1673/1398/6
f 1673/1398/6 1708/1363/6 1709/1364/6 1674/1399/6
f 1674/1399/6 1709/1364/6 1710/1365/6 1675/1400/6
f 1675/1400/6 1710/1365/6 1711/1366/6 1676/1401/6
f 1676/1401/6 1711/1366/6 1712/1367/6 1677/1402/6
f 1677/1402/6 1712/1367/6 1713/1368/6 1678/1403/6
f 1678/1403/6 1713/1368/6 1714/1369/6 1679/1404/6
f 1679/1404/6 1714/1369/6 1715/1370/6 1680/1405/6
f 1680/1405/6 1715/1370/6 1716/1371/6 1681/1406/6
f 1681/1406/6 1716/1371/6 1717/1372/6 1682/1407/6
f 1682/1407/6 1717/1372/6 1718/1373/6 1683/1408/6
f 1683/1408/6 1718/1373/6 1719/1374/6 1684/1409/6
f 1684/1409/6 1719/1374/6 1720/1375/6 1685/1410/6
f 1685/1410/6 1720/1375/6 1721/1376/6 1686/1411/6
f 1686/1411/6 1721/1376/6 1722/1377/6 1687/1412/6
f 1687/1412/6 1722/1377/6 1723/1378/6 1688/1413/6
f 1688/1413/6 1723/1378/6 1724/1379/6 1689/1414/6
f 1689/1414/6 1724/1379/6 1725/1380/6 1690/1415/6
f 1690/1415/6 1725/1380/6 1726/1381/6 1691/1416/6
f 1691/1416/6 1726/1381/6 1727/1382/6 1692/1417/6
f 1692/1417/6 1727/1382/6 1728/1383/6 1693/1418/6
f 1693/1418/6 1728/1383/6 1729/510/6 1694/508/6
f 1281/1419/6 1282/1384/6 1660/1385/6 1625/1420/6
f 1625/1420/6 1660/1385/6 1661/1386/6 1626/1421/6
f 1626/1421/6 1661/1386/6 1662/1387/6 1627/1422/6
f 1627/1422/6 1662/1387/6 1663/1388/6 1628/1423/6
f 1628/1423/6 1663/1388/6 1664/1389/6 1629/1424/6
f 1629/1424/6 1664/1389/6 1665/1390/6 1630/1425/6
f 1630/1425/6 1665/1390/6 1666/1391/6 1631/1426/6
f 1631/1426/6 1666/1391/6 1667/1392/6 1632/1427/6
f 1632/1427/6 1667/1392/6 1668/1393/6 1633/1428/6
f 1633/1428/6 1668/1393/6 1669/1394/6 1634/1429/6
f 1634/1429/6 1669/1394/6 1670/1395/6 1635/1430/6
f 1635/1430/6 1670/1395/6 1671/1396/6 1636/1431/6
f 1636/1431/6 1671/1396/6 1672/1397/6 1637/1432/6
f 1637/1432/6 1672/1397/6 1673/1398/6 1638/1433/6
f 1638/1433/6 1673/1398/6 1674/1399/6 1639/1434/6
f 1639/1434/6 1674/1399/6 1675/1400/6 1640/1435/6
f 1640/1435/6 1675/1400/6 1676/1401/6 1641/1436/6
f 1641/1436/6 1676/1401/6 1677/1402/6 1642/1437/6
f 1642/1437/6 1677/1402/6 1678/1403/6 1643/1438/6
f 1643/1438/6 1678/1403/6 1679/1404/6 1644/1439/6
f 1644/1439/6 1679/1404/6 1680/1405/6 1645/1440/6
f 1645/1440/6 1680/1405/6 1681/1406/6 1646/1441/6
f 1646/1441/6 1681/1406/6 1682/1407/6 1647/1442/6
f 1647/1442/6 1682/1407/6 1683/1408/6 1648/1443/6
f 1648/1443/6 1683/1408/6 1684/1409/6 1649/1444/6
f 1649/1444/6 1684/1409/6 1685/1410/6 1650/1445/6
f 1650/1445/6 1685/1410/6 1686/1411/6 1651/1446/6
f 1651/1446/6 1686/1411/6 1687/1412/6 1652/1447/6
f 1652/1447/6 1687/1412/6 1688/1413/6 1653/1448/6
f 1653/1448/6 1688/1413/6 1689/1414/6 1654/1449/6
f 1654/1449/6 1689/1414/6 1690/1415/6 1655/1450/6
f 1655/1450/6 1690/1415/6 1691/1416/6 1656/1451/6
f 1656/1451/6 1691/1416/6 1692/1417/6 1657/1452/6
f 1657/1452/6 1692/1417/6 1693/1418/6 1658/1453/6
f 1658/1453/6 1693/1418/6 1694/508/6 1659/506/6
f 1280/1454/6 1281/1419/6 1625/1420/6 1590/1455/6
f 1590/1455/6 1625/1420/6 1626/1421/6 1591/1456/6
f 1591/1456/6 1626/1421/6 1627/1422/6 1592/1457/6
f 1592/1457/6 1627/1422/6 1628/1423/6 1593/1458/6
f 1593/1458/6 1628/1423/6 1629/1424/6 1594/1459/6
f 1594/1459/6 1629/1424/6 1630/1425/6 1595/1460/6
f 1595/1460/6 1630/1425/6 1631/1426/6 1596/1461/6
f 1596/1461/6 1631/1426/6 1632/1427/6 1597/1462/6
f 1597/1462/6 1632/1427/6 1633/1428/6 1598/1463/6
f 1598/1463/6 1633/1428/6 1634/1429/6 1599/1464/6
f 1599/1464/6 1634/1429/6 1635/1430/6 1600/1465/6
f 1600/1465/6 1635/1430/6 1636/1431/6 1601/1466/6
f 1601/1466/6 1636/1431/6 1637/1432/6 1602/1467/6
f 1602/1467/6 1637/1432/6 1638/1433/6 1603/1468/6
f 1603/1468/6 1638/1433/6 1639/1434/6 1604/1469/6
f 1604/1469/6 1639/1434/6 1640/1435/6 1605/1470/6
f 1605/1470/6 1640/1435/6 1641/1436/6 1606/1471/6
f 1606/1471/6 1641/1436/6 1642/1437/6 1607/1472/6
f 1607/1472/6 1642/1437/6 1643/1438/6 1608/1473/6
f 1608/1473/6 1643/1438/6 1644/1439/6 1609/1474/6
f 1609/1474/6 1644/1439/6 1645/1440/6 1610/1475/6
f 1610/1475/6 1645/1440/6 1646/1441/6 1611/1476/6
f 1611/1476/6 1646/1441/6 1647/1442/6 1612/1477/6
f 1612/1477/6 1647/1442/6 1648/1443/6 1613/1478/6
f 1613/1478/6 1648/1443/6 1649/1444/6 1614/1479/6
f 1614/1479/6 1649/1444/6 1650/1445/6 1615/1480/6
f 1615/1480/6 1650/1445/6 1651/1446/6 1616/1481/6
f 1616/1481/6 1651/1446/6 1652/1447/6 1617/1482/6
f 1617/1482/6 1652/1447/6 1653/1448/6 1618/1483/6
f 1618/1483/6 1653/1448/6 1654/1449/6 1619/1484/6
f 1619/1484/6 1654/1449/6 1655/1450/6 1620/1485/6
f 1620/1485/6 1655/1450/6 1656/1451/6 1621/1486/6
f 1621/1486/6 1656/1451/6 1657/1452/6 1622/1487/6
f 1622/1487/6 1657/1452/6 1658/1453/6 1623/1488/6
f 1623/1488/6 1658/1453/6 1659/506/6 1624/504/6
f 1279/1489/6 1280/1454/6 1590/1455/6 1555/1490/6
f 1555/1490/6 1590/1455/6 1591/1456/6 1556/1491/6
f 1556/1491/6 1591/1456/6 1592/1457/6 1557/1492/6
f 1557/1492/6 1592/1457/6 1593/1458/6 1558/1493/6
f 1558/1493/6 1593/1458/6 1594/1459/6 1559/1494/6
f 1559/1494/6 1594/1459/6 1595/1460/6 1560/1495/6
f 1560/1495/6 1595/1460/6 1596/1461/6 1561/1496/6
f 1561/1496/6 1596/1461/6 1597/1462/6 1562/1497/6
f 1562/1497/6 1597/1462/6 1598/1463/6 1563/1498/6
f 1563/1498/6 1598/1463/6 1599/1464/6 1564/1499/6
f 1564/1499/6 1599/1464/6 1600/1465/6 1565/1500/6
f 1565/1500/6 1600/1465/6 1601/1466/6 1566/1501/6
f 1566/1501/6 1601/1466/6 1602/1467/6 1567/1502/6
f 1567/1502/6 1602/1467/6 1603/1468/6 1568/1503/6
f 1568/1503/6 1603/1468/6 1604/1469/6 1569/1504/6
f 1569/1504/6 1604/1469/6 1605/1470/6 1570/1505/6
f 1570/1505/6 1605/1470/6 1606/1471/6 1571/1506/6
f 1571/1506/6 1606/1471/6 1607/1472/6 1572/1507/6
f 1572/1507/6 1607/1472/6 1608/1473/6 1573/1508/6
f 1573/1508/6 1608/1473/6 1609/1474/6 1574/1509/6
f 1574/1509/6 1609/1474/6 1610/1475/6 1575/1510/6
f 1575/1510/6 1610/1475/6 1611/1476/6 1576/1511/6
f 1576/1511/6 1611/1476/6 1612/1477/6 1577/1512/6
f 1577/1512/6 1612/1477/6 1613/1478/6 1578/1513/6
f 1578/1513/6 1613/1478/6 1614/1479/6 1579/1514/6
f 1579/1514/6 1614/1479/6 1615/1480/6 1580/1515/6
f 1580/1515/6 1615/1480/6 1616/1481/6 1581/1516/6
f 1581/1516/6 1616/1481/6 1617/1482/6 1582/1517/6
f 1582/1517/6 1617/1482/6 1618/1483/6 1583/1518/6
f 1583/1518/6 1618/1483/6 1619/1484/6 1584/1519/6
f 1584/1519/6 1619/1484/6 1620/1485/6 1585/1520/6
f 1585/1520/6 1620/1485/6 1621/1486/6 1586/1521/6
f 1586/1521/6 1621/1486/6 1622/1487/6 1587/1522/6
f 1587/1522/6 1622/1487/6 1623/1488/6 1588/1523/6
f 1588/1523/6 1623/1488/6 1624/504/6 1589/502/6
f 1278/1524/6 1279/1489/6 1555/1490/6 1520/1525/6
f 1520/1525/6 1555/1490/6 1556/1491/6 1521/1526/6
f 1521/1526/6 1556/1491/6 1557/1492/6 1522/1527/6
f 1522/1527/6 1557/1492/6 1558/1493/6 1523/1528/6
f 1523/1528/6 1558/1493/6 1559/1494/6 1524/1529/6
f 1524/1529/6 1559/1494/6 1560/1495/6 1525/1530/6
f 1525/1530/6 1560/1495/6 1561/1496/6 1526/1531/6
f 1526/1531/6 1561/1496/6 1562/1497/6 1527/1532/6
f 1527/1532/6 1562/1497/6 1563/1498/6 1528/1533/6
f 1528/1533/6 1563/1498/6 1564/1499/6 1529/1534/6
f 1529/1534/6 1564/1499/6 1565/1500/6 1530/1535/6
f 1530/1535/6 1565/1500/6 1566/1501/6 1531/1536/6
f 1531/1536/6 1566/1501/6 1567/1502/6 1532/1537/6
f 1532/1537/6 1567/1502/6 1568/1503/6 1533/1538/6
f 1533/1538/6 1568/1503/6 1569/1504/6 1534/1539/6
f 1534/1539/6 1569/1504/6 1570/1505/6 1535/1540/6
f 1535/1540/6 1570/1505/6 1571/1506/6 1536/1541/6
f 1536/1541/6 1571/1506/6 1572/1507/6 1537/1542/6
f 1537/1542/6 1572/1507/6 1573/1508/6 1538/1543/6
f 1538/1543/6 1573/1508/6 1574/1509/6 1539/1544/6
f 1539/1544/6 1574/1509/6 1575/1510/6 1540/1545/6
f 1540/1545/6 1575/1510/6 1576/1511/6 1541/1546/6
f 1541/1546/6 1576/1511/6 1577/1512/6 1542/1547/6
f 1542/1547/6 1577/1512/6 1578/1513/6 1543/1548/6
f 1543/1548/6 1578/1513/6 1579/1514/6 1544/1549/6
f 1544/1549/6 1579/1514/6 1580/1515/6 1545/1550/6
f 1545/1550/6 1580/1515/6 1581/1516/6 1546/1551/6
f 1546/1551/6 1581/1516/6 1582/1517/6 1547/1552/6
f 1547/1552/6 1582/1517/6 1583/1518/6 1548/1553/6
f 1548/1553/6 1583/1518/6 1584/1519/6 1549/1554/6
f 1549/1554/6 1584/1519/6 1585/1520/6 1550/1555/6
f 1550/1555/6 1585/1520/6 1586/1521/6 1551/1556/6
f 1551/1556/6 1586/1521/6 1587/1522/6 1552/1557/6
f 1552/1557/6 1587/1522/6 1588/1523/6 1553/1558/6
f 1553/1558/6 1588/1523/6 1589/502/6 1554/500/6
f 1277/1559/6 1278/1524/6 1520/1525/6 1485/1560/6
f 1485/1560/6 1520/1525/6 1521/1526/6 1486/1561/6
f 1486/1561/6 1521/1526/6 1522/1527/6 1487/1562/6
f 1487/1562/6 1522/1527/6 1523/1528/6 1488/1563/6
f 1488/1563/6 1523/1528/6 1524/1529/6 1489/1564/6
f 1489/1564/6 1524/1529/6 1525/1530/6 1490/1565/6
f 1490/1565/6 1525/1530/6 1526/1531/6 1491/1566/6
f 1491/1566/6 1526/1531/6 1527/1532/6 1492/1567/6
f 1492/1567/6 1527/1532/6 1528/1533/6 1493/1568/6
f 1493/1568/6 1528/1533/6 1529/1534/6 1494/1569/6
f 1494/1569/6 1529/1534/6 1530/1535/6 1495/1570/6
f 1495/1570/6 1530/1535/6 1531/1536/6 1496/1571/6
f 1496/1571/6 1531/1536/6 1532/1537/6 1497/1572/6
f 1497/1572/6 1532/1537/6 1533/1538/6 1498/1573/6
f 1498/1573/6 1533/1538/6 1534/1539/6 1499/1574/6
f 1499/1574/6 1534/1539/6 1535/1540/6 1500/1575/6
f 1500/1575/6 1535/1540/6 1536/1541/6 1501/1576/6
f 1501/1576/6 1536/1541/6 1537/1542/6 1502/1577/6
f 1502/1577/6 1537/1542/6 1538/1543/6 1503/1578/6
f 1503/1578/6 1538/1543/6 1539/1544/6 1504/1579/6
f 1504/1579/6 1539/1544/6 1540/1545/6 1505/1580/6
f 1505/1580/6 1540/1545/6 1541/1546/6 1506/1581/6
f 1506/1581/6 1541/1546/6 1542/1547/6 1507/1582/6
f 1507/1582/6 1542/1547/6 1543/1548/6 1508/1583/6
f 1508/1583/6 1543/1548/6 1544/1549/6 1509/1584/6
f 1509/1584/6 1544/1549/6 1545/1550/6 1510/1585/6
f 1510/1585/6 1545/1550/6 1546/1551/6 1511/1586/6
f 1511/1586/6 1546/1551/6 1547/1552/6 1512/1587/6
f 1512/1587/6 1547/1552/6 1548/1553/6 1513/1588/6
f 1513/1588/6 1548/1553/6 1549/1554/6 1514/1589/6
f 1514/1589/6 1549/1554/6 1550/1555/6 1515/1590/6
f 1515/1590/6 1550/1555/6 1551/1556/6 1516/1591/6
f 1516/1591/6 1551/1556/6 1552/1557/6 1517/1592/6
f 1517/1592/6 1552/1557/6 1553/1558/6 1518/1593/6
f 1518/1593/6 1553/1558/6 1554/500/6 1519/498/6
f 1276/1594/6 1277/1559/6 1485/1560/6 1450/1595/6
f 1450/1595/6 1485/1560/6 1486/1561/6 1451/1596/6
f 1451/1596/6 1486/1561/6 1487/1562/6 1452/1597/6
f 1452/1597/6 1487/1562/6 1488/1563/6 1453/1598/6
f 1453/1598/6 1488/1563/6 1489/1564/6 1454/1599/6
f 1454/1599/6 1489/1564/6 1490/1565/6 1455/1600/6
f 1455/1600/6 1490/1565/6 1491/1566/6 1456/1601/6
f 1456/1601/6 1491/1566/6 1492/1567/6 1457/1602/6
f 1457/1602/6 1492/1567/6 1493/1568/6 1458/1603/6
f 1458/1603/6 1493/1568/6 1494/1569/6 1459/1604/6
f 1459/1604/6 1494/1569/6 1495/1570/6 1460/1605/6
f 1460/1605/6 1495/1570/6 1496/1571/6 1461/1606/6
f 1461/1606/6 1496/1571/6 1497/1572/6 1462/1607/6
f 1462/1607/6 1497/1572/6 1498/1573/6 1463/1608/6
f 1463/1608/6 1498/1573/6 1499/1574/6 1464/1609/6
f 1464/1609/6 1499/1574/6 1500/1575/6 1465/1610/6
f 1465/1610/6 1500/1575/6 1501/1576/6 1466/1611/6
f 1466/1611/6 1501/1576/6 1502/1577/6 1467/1612/6
f 1467/1612/6 1502/1577/6 1503/1578/6 1468/1613/6
f 1468/1613/6 1503/1578/6 1504/1579/6 1469/1614/6
f 1469/1614/6 1504/1579/6 1505/1580/6 1470/1615/6
f 1470/1615/6 1505/1580/6 1506/1581/6 1471/1616/6
f 1471/1616/6 1506/1581/6 1507/1582/6 1472/1617/6
f 1472/1617/6 1507/1582/6 1508/1583/6 1473/1618/6
f 1473/1618/6 1508/1583/6 1509/1584/6 1474/1619/6
f 1474/1619/6 1509/1584/6 1510/1585/6 1475/1620/6
f 1475/1620/6 1510/1585/6 1511/1586/6 1476/1621/6
f 1476/1621/6 1511/1586/6 1512/1587/6 1477/1622/6
f 1477/1622/6 1512/1587/6 1513/1588/6 1478/1623/6
f 1478/1623/6 1513/1588/6 1514/1589/6 1479/1624/6
f 1479/1624/6 1514/1589/6 1515/1590/6 1480/1625/6
f 1480/1625/6 1515/1590/6 1516/1591/6 1481/1626/6
f 1481/1626/6 1516/1591/6 1517/1592/6 1482/1627/6
f 1482/1627/6 1517/1592/6 1518/1593/6 1483/1628/6
f 1483/1628/6 1518/1593/6 1519/498/6 1484/496/6
f 1275/1629/6 1276/1594/6 1450/1595/6 1415/1630/6
f 1415/1630/6 1450/1595/6 1451/1596/6 1416/1631/6
f 1416/1631/6 1451/1596/6 1452/1597/6 1417/1632/6
f 1417/1632/6 1452/1597/6 1453/1598/6 1418/1633/6
f 1418/1633/6 1453/1598/6 1454/1599/6 1419/1634/6
f 1419/1634/6 1454/1599/6 1455/1600/6 1420/1635/6
f 1420/1635/6 1455/1600/6 1456/1601/6 1421/1636/6
f 1421/1636/6 1456/1601/6 1457/1602/6 1422/1637/6
f 1422/1637/6 1457/1602/6 1458/1603/6 1423/1638/6
f 1423/1638/6 1458/1603/6 1459/1604/6 1424/1639/6
f 1424/1639/6 1459/1604/6 1460/1605/6 1425/1640/6
f 1425/1640/6 1460/1605/6 1461/1606/6 1426/1641/6
f 1426/1641/6 1461/1606/6 1462/1607/6 1427/1642/6
f 1427/1642/6 1462/1607/6 1463/1608/6 1428/1643/6
f 1428/1643/6 1463/1608/6 1464/1609/6 1429/1644/6
f 1429/1644/6 1464/1609/6 1465/1610/6 1430/1645/6
f 1430/1645/6 1465/1610/6 1466/1611/6 1431/1646/6
f 1431/1646/6 1466/1611/6 1467/1612/6 1432/1647/6
f 1432/1647/6 1467/1612/6 1468/1613/6 1433/1648/6
f 1433/1648/6 1468/1613/6 1469/1614/6 1434/1649/6
f 1434/1649/6 1469/1614/6 1470/1615/6 1435/1650/6
f 1435/1650/6 1470/1615/6 1471/1616/6 1436/1651/6
f 1436/1651/6 1471/1616/6 1472/1617/6 1437/1652/6
f 1437/1652/6 1472/1617/6 1473/1618/6 1438/1653/6
f 1438/1653/6 1473/1618/6 1474/1619/6 1439/1654/6
f 1439/1654/6 1474/1619/6 1475/1620/6 1440/1655/6
f 1440/1655/6 1475/1620/6 1476/1621/6 1441/1656/6
f 1441/1656/6 1476/1621/6 1477/1622/6 1442/1657/6
f 1442/1657/6 1477/1622/6 1478/1623/6 1443/1658/6
f 1443/1658/6 1478/1623/6 1479/1624/6 1444/1659/6
f 1444/1659/6 1479/1624/6 1480/1625/6 1445/1660/6
f 1445/1660/6 1480/1625/6 1481/1626/6 1446/1661/6
f 1446/1661/6 1481/1626/6 1482/1627/6 1447/1662/6
f 1447/1662/6 1482/1627/6 1483/1628/6 1448/1663/6
f 1448/1663/6 1483/1628/6 1484/496/6 1449/494/6
f 1271/462/6 1275/1629/6 1415/1630/6 1379/1664/6
f 1379/1664/6 1415/1630/6 1416/1631/6 1378/1665/6
f 1378/1665/6 1416/1631/6 1417/1632/6 1377/1666/6
f 1377/1666/6 1417/1632/6 1418/1633/6 1376/1667/6
f 1376/1667/6 1418/1633/6 1419/1634/6 1375/1668/6
f 1375/1668/6 1419/1634/6 1420/1635/6 1374/1669/6
f 1374/1669/6 1420/1635/6 1421/1636/6 1373/1670/6
f 1373/1670/6 1421/1636/6 1422/1637/6 1372/1671/6
f 1372/1671/6 1422/1637/6 1423/1638/6 1371/1672/6
f 1371/1672/6 1423/1638/6 1424/1639/6 1370/1673/6
f 1370/1673/6 1424/1639/6 1425/1640/6 1369/1674/6
f 1369/1674/6 1425/1640/6 1426/1641/6 1368/1675/6
f 1368/1675/6 1426/1641/6 1427/1642/6 1367/1676/6
f 1367/1676/6 1427/1642/6 1428/1643/6 1366/1677/6
f 1366/1677/6 1428/1643/6 1429/1644/6 1365/1678/6
f 1365/1678/6 1429/1644/6 1430/1645/6 1364/1679/6
f 1364/1679/6 1430/1645/6 1431/1646/6 1363/1680/6
f 1363/1680/6 1431/1646/6 1432/1647/6 1362/1681/6
f 1362/1681/6 1432/1647/6 1433/1648/6 1361/1682/6
f 1361/1682/6 1433/1648/6 1434/1649/6 1360/1683/6
f 1360/1683/6 1434/1649/6 1435/1650/6 1359/1684/6
f 1359/1684/6 1435/1650/6 1436/1651/6 1358/1685/6
f 1358/1685/6 1436/1651/6 1437/1652/6 1357/1686/6
f 1357/1686/6 1437/1652/6 1438/1653/6 1356/1687/6
f 1356/1687/6 1438/1653/6 1439/1654/6 1355/1688/6
f 1355/1688/6 1439/1654/6 1440/1655/6 1354/1689/6
f 1354/1689/6 1440/1655/6 1441/1656/6 1353/1690/6
f 1353/1690/6 1441/1656/6 1442/1657/6 1352/1691/6
f 1352/1691/6 1442/1657/6 1443/1658/6 1351/1692/6
f 1351/1692/6 1443/1658/6 1444/1659/6 1350/1693/6
f 1350/1693/6 1444/1659/6 1445/1660/6 1349/1694/6
f 1349/1694/6 1445/1660/6 1446/1661/6 1348/1695/6
f 1348/1695/6 1446/1661/6 1447/1662/6 1347/1696/6
f 1347/1696/6 1447/1662/6 1448/1663/6 1346/1697/6
f 1346/1697/6 1448/1663/6 1449/494/6 1345/493/6
f 1309/563/6 1272/463/6 1380/1698/6 2485/564/6
f 2485/564/6 1380/1698/6 1381/1699/6 2486/566/6
f 2486/566/6 1381/1699/6 1382/1700/6 2487/568/6
f 2487/568/6 1382/1700/6 1383/1701/6 2488/570/6
f 2488/570/6 1383/1701/6 1384/1702/6 2489/572/6
f 2489/572/6 1384/1702/6 1385/1703/6 2490/574/6
f 2490/574/6 1385/1703/6 1386/1704/6 2491/576/6
f 2491/576/6 1386/1704/6 1387/1705/6 2492/578/6
f 2492/578/6 1387/1705/6 1388/1706/6 2493/580/6
f 2493/580/6 1388/1706/6 1389/1707/6 2494/582/6
f 2494/582/6 1389/1707/6 1390/1708/6 2495/584/6
f 2495/584/6 1390/1708/6 1391/1709/6 2496/586/6
f 2496/586/6 1391/1709/6 1392/1710/6 2497/588/6
f 2497/588/6 1392/1710/6 1393/1711/6 2498/590/6
f 2498/590/6 1393/1711/6 1394/1712/6 2499/592/6
f 2499/592/6 1394/1712/6 1395/1713/6 2500/594/6
f 2500/594/6 1395/1713/6 1396/1714/6 2501/596/6
f 2501/596/6 1396/1714/6 1397/445/6 2502/598/6
f 2502/598/6 1397/445/6 1398/447/6 2503/600/6
f 2503/600/6 1398/447/6 1399/448/6 2504/602/6
f 2504/602/6 1399/448/6 1400/450/6 2505/604/6
f 2505/604/6 1400/450/6 1401/452/6 2506/606/6
f 2506/606/6 1401/452/6 1402/454/6 2507/608/6
f 2507/608/6 1402/454/6 1403/456/6 2508/610/6
f 2508/610/6 1403/456/6 1404/1715/6 2509/612/6
f 2509/612/6 1404/1715/6 1405/1716/6 2510/614/6
f 2510/614/6 1405/1716/6 1406/1717/6 2511/616/6
f 2511/616/6 1406/1717/6 1407/1718/6 2512/618/6
f 2512/618/6 1407/1718/6 1408/1719/6 2513/620/6
f 2513/620/6 1408/1719/6 1409/1720/6 2514/622/6
f 2514/622/6 1409/1720/6 1410/1721/6 2515/624/6
f 2515/624/6 1410/1721/6 1411/1722/6 2516/626/6
f 2516/626/6 1411/1722/6 1412/1723/6 2517/628/6
f 2517/628/6 1412/1723/6 1413/1724/6 2518/630/6
f 2518/630/6 1413/1724/6 1414/491/6 2519/490/6
f 2520/445/45 2521/464/45 2523/1725/45 2522/434/45
f 2522/434/44 2523/1725/44 2525/1726/44 2524/421/44
f 2524/421/43 2525/1726/43 2527/1727/43 2526/408/43
f 2526/408/41 2527/1727/41 2529/1728/41 2528/395/41
f 2528/395/40 2529/1728/40 2531/1729/40 2530/384/40
f 2530/384/39 2531/1729/39 2533/1730/39 2532/386/39
f 2532/386/37 2533/1730/37 2535/1731/37 2534/459/37
f 2534/459/36 2535/1731/36 2537/547/36 2536/458/36
f 2536/458/35 2537/547/35 2539/1732/35 2538/457/35
f 2538/457/34 2539/1732/34 2541/1733/34 2540/324/34
f 2540/324/32 2541/1733/32 2543/1734/32 2542/311/32
f 2542/311/30 2543/1734/30 2545/481/30 2588/1735/30 2544/298/30
f 2544/298/29 2588/1735/29 2596/1736/29 2546/284/29
f 2546/284/28 2596/1736/28 2587/1737/28 2548/270/28
f 2548/270/26 2587/1737/26 2594/1738/26 2550/258/26
f 2550/258/25 2594/1738/25 2585/1739/25 2552/245/25
f 2552/245/24 2585/1739/24 2592/1740/24 2554/233/24
f 2554/233/23 2592/1740/23 2599/1741/23 2556/221/23
f 2556/221/22 2599/1741/22 2590/1742/22 2558/207/22
f 2558/207/20 2590/1742/20 2601/1743/20 2597/1744/20 2560/194/20
f 2560/194/19 2597/1744/19 2561/476/19 2563/1745/19 2562/179/19
f 2562/179/17 2563/1745/17 2565/1746/17 2564/167/17
f 2564/167/16 2565/1746/16 2567/1747/16 2566/153/16
f 2566/153/14 2567/1747/14 2569/1748/14 2568/140/14
f 2568/140/13 2569/1748/13 2571/1749/13 2570/127/13
f 2570/127/12 2571/1749/12 2573/1750/12 2572/116/12
f 2572/116/10 2573/1750/10 2575/1751/10 2574/104/10
f 2574/104/9 2575/1751/9 2577/1752/9 2576/89/9
f 2576/89/8 2577/1752/8 2579/1753/8 2578/75/8
f 2578/75/5 2579/1753/5 2581/1754/5 2580/61/5
f 2580/61/3 2581/1754/3 2583/1755/3 2582/33/3
f 2582/33/2 2583/1755/2 2521/465/2 2520/36/2
f 2520/1/1 2522/2/1 2524/3/1 2526/4/1 2528/5/1 2530/6/1 2532/7/1 2534/8/1 2536/9/1 2538/10/1 2540/11/1 2542/12/1 2544/13/1 2546/14/1 2548/15/1 2550/16/1 2552/17/1 2554/18/1 2556/19/1 2558/20/1 2560/21/1 2562/22/1 2564/23/1 2566/24/1 2568/25/1 2570/26/1 2572/27/1 2574/28/1 2576/29/1 2578/30/1 2580/31/1 2582/32/1
f 2591/1756/24 2584/1757/24 2553/1758/24 2555/1759/24
f 2595/1760/29 2600/1761/29 2588/1735/29 2545/481/29 2547/1762/29
f 2598/1763/23 2591/1756/23 2555/1759/23 2557/1764/23
f 2586/1765/28 2595/1760/28 2547/1762/28 2549/1766/28
f 2589/1767/22 2598/1763/22 2557/1764/22 2559/1768/22
f 2593/1769/26 2586/1765/26 2549/1766/26 2551/1770/26
f 2597/1744/20 2601/1743/20 2602/1771/20 2589/1767/20 2559/1768/20 2561/476/20
f 2584/1757/25 2593/1769/25 2551/1770/25 2553/1758/25
f 2602/1771/89 2601/1743/89 2603/1743/89 2604/1771/89
f 2588/1735/90 2600/1761/90 2606/1761/90 2605/1735/90
f 1814/1259/91 1849/1234/91 1874/1209/91 1899/1184/91 1924/1159/91 1949/1134/91 1974/1109/91 2553/1758/91 2555/1759/91 2557/1764/91 2559/1768/91 2561/476/91 2563/1745/91 2565/1746/91 2567/1747/91 2569/1748/91 2571/1749/91 2573/1750/91 2575/1751/91 2577/1752/91 2579/1753/91 1900/1185/91 1875/1210/91 1850/1235/91 1825/1260/91 1824/1303/91 1823/1301/91 1822/1299/91 1821/1297/91 1820/1295/91 1819/1293/91 1818/1291/91 1817/1289/91 1816/1287/91 1815/1285/91
f 2150/925/92 2151/926/92 2152/927/92 2153/928/92 2154/929/92 2155/930/92 2156/931/92 2157/932/92 2158/933/92 2159/934/92 2160/935/92 2125/960/92 2100/985/92 2075/1010/92 2050/1035/92 2527/1727/92 2529/1728/92 2531/1729/92 2533/1730/92 2535/1731/92 2537/547/92 2539/1732/92 2541/1733/92 2543/1734/92 2545/481/92 2547/1762/92 2549/1766/92 2551/1770/92 2553/1758/92 1999/1084/92 2024/1059/92 2049/1034/92 2074/1009/92 2099/984/92 2124/959/92 2149/924/92
f 2611/466/54 2612/467/54 2610/464/54 2608/463/54
f 2607/462/93 2609/465/93 2612/467/93 2611/466/93
f 2617/466/55 2614/463/55 2616/464/55 2618/467/55
f 2613/462/94 2617/466/94 2618/467/94 2615/465/94
f 2610/464/33 2612/467/33 2620/467/33 2619/464/33
f 2620/467/33 2612/467/33 2621/467/33 2622/467/33
f 2607/462/93 2611/466/93 2623/466/93 2625/462/93
f 2611/466/54 2608/463/54 2624/463/54 2623/466/54
f 2617/466/94 2613/462/94 2628/462/94 2627/466/94
f 2614/463/55 2617/466/55 2627/466/55 2626/463/55
f 2626/463/46 2637/1772/46 2633/1773/46 2634/1774/46 2635/1775/46 2627/466/46 2630/466/46 2629/463/46
f 2630/466/46 2627/466/46 2631/466/46 2632/466/46
f 2627/466/46 2635/1775/46 2636/1776/46 2637/1772/46 2626/463/46
usemtl Material.035
f 561/468/55 562/469/55 563/470/55 564/471/55
f 556/472/61 560/473/61 570/474/61 569/472/61
f 568/475/46 561/476/46 578/476/46 580/475/46
f 566/298/62 563/395/62 562/477/62 567/478/62
f 553/479/33 554/480/33 562/481/33 561/476/33
f 556/472/46 555/482/46 564/471/46 563/470/46
f 555/482/63 559/483/63 565/194/63 564/471/63
f 560/473/46 556/472/46 563/470/46 566/298/46
f 558/484/33 573/485/33 567/478/33
f 557/486/64 553/479/64 561/476/64 568/475/64
f 554/480/33 558/484/33 567/478/33 562/481/33
f 555/482/54 556/472/54 569/472/54 572/487/54
f 559/483/6 555/482/6 572/487/6 571/483/6
f 574/488/46 560/473/46 566/298/46
f 570/474/65 560/473/65 575/473/65 576/474/65
f 577/89/1 579/194/1 580/475/1 578/489/1
f 565/462/55 568/462/55 580/462/55 579/462/55
f 564/471/33 565/194/33 579/194/33 577/471/33
f 561/468/54 564/471/54 577/471/54 578/468/54
f 589/468/54 592/471/54 591/470/54 590/469/54
f 584/472/66 597/472/66 598/474/66 588/473/66
f 596/475/46 608/475/46 606/476/46 589/476/46
f 594/298/67 595/478/67 590/477/67 591/395/67
f 581/479/33 589/476/33 590/481/33 582/480/33
f 584/472/46 591/470/46 592/471/46 583/482/46
f 583/482/63 592/471/63 593/194/63 587/483/63
f 588/473/46 594/298/46 591/470/46 584/472/46
f 586/484/33 595/478/33 601/485/33
f 585/486/68 596/475/68 589/476/68 581/479/68
f 582/480/33 590/481/33 595/478/33 586/484/33
f 583/482/55 600/487/55 597/472/55 584/472/55
f 587/483/6 599/483/6 600/487/6 583/482/6
f 602/488/46 594/298/46 588/473/46
f 598/474/69 604/474/69 603/473/69 588/473/69
f 605/89/1 606/489/1 608/475/1 607/194/1
f 593/462/54 607/462/54 608/462/54 596/462/54
f 592/471/33 605/471/33 607/194/33 593/194/33
f 589/468/55 606/468/55 605/471/55 592/471/55
usemtl Material.036
f 617/468/54 618/469/54 619/470/54 620/471/54
f 612/472/62 616/473/62 626/474/62 625/472/62
f 624/475/46 617/476/46 634/476/46 636/475/46
f 622/298/61 619/395/61 618/477/61 623/478/61
f 657/462/70 642/462/70 677/462/70 678/462/70
f 612/472/46 611/482/46 620/471/46 619/470/46
f 611/482/71 615/483/71 621/194/71 620/471/71
f 616/473/46 612/472/46 619/470/46 622/298/46
f 638/462/55 637/462/55 675/462/55 676/462/55
f 613/486/46 609/479/46 617/476/46 624/475/46
f 614/462/72 629/462/72 671/462/72 670/462/72
f 611/482/55 612/472/55 625/472/55 628/487/55
f 615/483/1 611/482/1 628/487/1 627/483/1
f 630/488/46 616/473/46 622/298/46
f 626/474/73 616/473/73 631/473/73 632/474/73
f 633/89/6 635/194/6 636/475/6 634/489/6
f 621/462/54 624/462/54 636/462/54 635/462/54
f 620/471/33 621/194/33 635/194/33 633/471/33
f 617/468/55 620/471/55 633/471/55 634/468/55
f 645/468/55 648/471/55 647/470/55 646/469/55
f 640/472/67 653/472/67 654/474/67 644/473/67
f 652/475/46 664/475/46 662/476/46 645/476/46
f 650/298/66 651/478/66 646/477/66 647/395/66
f 646/477/67 651/478/67 674/478/67 673/477/67
f 640/472/46 647/470/46 648/471/46 639/482/46
f 639/482/71 648/471/71 649/194/71 643/483/71
f 644/473/46 650/298/46 647/470/46 640/472/46
f 651/462/55 657/462/55 678/462/55 674/462/55
f 641/486/46 652/475/46 645/476/46 637/479/46
f 637/479/74 645/476/74 672/476/74 675/479/74
f 639/482/54 656/487/54 653/472/54 640/472/54
f 643/483/1 655/483/1 656/487/1 639/482/1
f 658/488/46 650/298/46 644/473/46
f 654/474/75 660/474/75 659/473/75 644/473/75
f 661/89/6 662/489/6 664/475/6 663/194/6
f 649/462/55 663/462/55 664/462/55 652/462/55
f 648/471/33 661/471/33 663/194/33 649/194/33
f 645/468/54 662/468/54 661/471/54 648/471/54
f 672/468/55 673/469/55 687/469/55 686/468/55
f 674/462/54 678/462/54 692/462/54 688/462/54
f 667/478/61 666/477/61 680/477/61 681/478/61
f 670/462/76 671/462/76 685/462/76 684/462/76
f 666/469/54 665/468/54 679/468/54 680/469/54
f 671/462/55 667/462/55 681/462/55 685/462/55
f 610/462/61 614/462/61 670/462/61 669/462/61
f 618/469/55 617/468/55 665/468/55 666/469/55
f 617/476/77 609/479/77 668/479/77 665/476/77
f 629/462/54 623/462/54 667/462/54 671/462/54
f 623/478/62 618/477/62 666/477/62 667/478/62
f 642/462/66 638/462/66 676/462/66 677/462/66
f 609/462/54 610/462/54 669/462/54 668/462/54
f 645/468/54 646/469/54 673/469/54 672/468/54
f 682/479/33 683/480/33 680/481/33 679/476/33
f 684/484/33 685/485/33 681/478/33
f 683/480/33 684/484/33 681/478/33 680/481/33
f 689/479/33 686/476/33 687/481/33 690/480/33
f 691/484/33 688/478/33 692/485/33
f 690/480/33 687/481/33 688/478/33 691/484/33
f 668/462/55 669/462/55 683/462/55 682/462/55
f 678/462/78 677/462/78 691/462/78 692/462/78
f 673/477/66 674/478/66 688/478/66 687/477/66
f 669/462/62 670/462/62 684/462/62 683/462/62
f 676/462/54 675/462/54 689/462/54 690/462/54
f 665/476/79 668/479/79 682/479/79 679/476/79
f 677/462/67 676/462/67 690/462/67 691/462/67
f 675/479/80 672/476/80 686/476/80 689/479/80
usemtl Material.037
f 2646/468/55 2647/469/55 2648/470/55 2649/471/55
f 2641/472/61 2645/473/61 2655/474/61 2654/472/61
f 2653/475/46 2646/476/46 2663/476/46 2665/475/46
f 2651/298/62 2648/395/62 2647/477/62 2652/478/62
f 2638/479/33 2639/480/33 2647/481/33 2646/476/33
f 2641/472/46 2640/482/46 2649/471/46 2648/470/46
f 2640/482/95 2644/483/95 2650/194/95 2649/471/95
f 2645/473/46 2641/472/46 2648/470/46 2651/298/46
f 2643/484/33 2658/485/33 2652/478/33
f 2642/486/46 2638/479/46 2646/476/46 2653/475/46
f 2639/480/33 2643/484/33 2652/478/33 2647/481/33
f 2640/482/54 2641/472/54 2654/472/54 2657/487/54
f 2644/483/6 2640/482/6 2657/487/6 2656/483/6
f 2659/488/46 2645/473/46 2651/298/46
f 2655/474/65 2645/473/65 2660/473/65 2661/474/65
f 2662/89/1 2664/194/1 2665/475/1 2663/489/1
f 2650/462/55 2653/462/55 2665/462/55 2664/462/55
f 2649/471/33 2650/194/33 2664/194/33 2662/471/33
f 2646/468/54 2649/471/54 2662/471/54 2663/468/54
f 2674/468/54 2677/471/54 2676/470/54 2675/469/54
f 2669/472/66 2682/472/66 2683/474/66 2673/473/66
f 2681/475/46 2693/475/46 2691/476/46 2674/476/46
f 2679/298/67 2680/478/67 2675/477/67 2676/395/67
f 2666/479/33 2674/476/33 2675/481/33 2667/480/33
f 2669/472/46 2676/470/46 2677/471/46 2668/482/46
f 2668/482/95 2677/471/95 2678/194/95 2672/483/95
f 2673/473/46 2679/298/46 2676/470/46 2669/472/46
f 2671/484/33 2680/478/33 2686/485/33
f 2670/486/46 2681/475/46 2674/476/46 2666/479/46
f 2667/480/33 2675/481/33 2680/478/33 2671/484/33
f 2668/482/55 2685/487/55 2682/472/55 2669/472/55
f 2672/483/6 2684/483/6 2685/487/6 2668/482/6
f 2687/488/46 2679/298/46 2673/473/46
f 2683/474/69 2689/474/69 2688/473/69 2673/473/69
f 2690/89/1 2691/489/1 2693/475/1 2692/194/1
f 2678/462/54 2692/462/54 2693/462/54 2681/462/54
f 2677/471/33 2690/471/33 2692/194/33 2678/194/33
f 2674/468/55 2691/468/55 2690/471/55 2677/471/55
